รหัสกิจกรรม,แผนหลัก,แผนงานย่อย,กิจกรรมหลัก,ชื่อกิจกรรมย่อย,ผู้รับผิดชอบ,เดือน,percent_เป้าหมาย,percent_จริง,สถานะงาน,รายละเอียดการดำเนินการ,ปัญหาอุปสรรค,ผู้รายงาน,วันที่รายงาน
P_1.1,1.,1.1,1.1,การปรับปรุงโครงสร้างการดำเนินงานด้าน GRC เพื่อการดำเนินงานระดับสายงาน,,ม.ค.,8,12,อยู่ระหว่างดำเนินการ,,,-,2026-01-25
P_1.1,1.,1.1,1.1,การปรับปรุงโครงสร้างการดำเนินงานด้าน GRC เพื่อการดำเนินงานระดับสายงาน,,ก.พ.,17,22,อยู่ระหว่างดำเนินการ,,,-,2026-02-25
P_1.1,1.,1.1,1.1,การปรับปรุงโครงสร้างการดำเนินงานด้าน GRC เพื่อการดำเนินงานระดับสายงาน,,มี.ค.,25,22,อยู่ระหว่างดำเนินการ,,,-,2026-03-25
P_1.1,1.,1.1,1.1,การปรับปรุงโครงสร้างการดำเนินงานด้าน GRC เพื่อการดำเนินงานระดับสายงาน,,เม.ย.,33,33,อยู่ระหว่างดำเนินการ,,,-,2026-04-25
P_1.1,1.,1.1,1.1,การปรับปรุงโครงสร้างการดำเนินงานด้าน GRC เพื่อการดำเนินงานระดับสายงาน,,พ.ค.,42,42,อยู่ระหว่างดำเนินการ,,,-,2026-05-25
P_1.1,1.,1.1,1.1,การปรับปรุงโครงสร้างการดำเนินงานด้าน GRC เพื่อการดำเนินงานระดับสายงาน,,มิ.ย.,50,50,อยู่ระหว่างดำเนินการ,ดำเนินการ การปรับปรุงโครงสร้าง (ถึง มิ.ย.),,-,2026-06-25
P_1.1,1.,1.1,1.1,การปรับปรุงโครงสร้างการดำเนินงานด้าน GRC เพื่อการดำเนินงานระดับสายงาน,,ก.ค.,58,,,,,-,2026-07-25
P_1.1,1.,1.1,1.1,การปรับปรุงโครงสร้างการดำเนินงานด้าน GRC เพื่อการดำเนินงานระดับสายงาน,,ส.ค.,67,,,,,-,2026-08-25
P_1.1,1.,1.1,1.1,การปรับปรุงโครงสร้างการดำเนินงานด้าน GRC เพื่อการดำเนินงานระดับสายงาน,,ก.ย.,75,,,,,-,2026-09-25
P_1.1,1.,1.1,1.1,การปรับปรุงโครงสร้างการดำเนินงานด้าน GRC เพื่อการดำเนินงานระดับสายงาน,,ต.ค.,83,,,,,-,2026-10-25
P_1.1,1.,1.1,1.1,การปรับปรุงโครงสร้างการดำเนินงานด้าน GRC เพื่อการดำเนินงานระดับสายงาน,,พ.ย.,92,,,,,-,2026-11-25
P_1.1,1.,1.1,1.1,การปรับปรุงโครงสร้างการดำเนินงานด้าน GRC เพื่อการดำเนินงานระดับสายงาน,,ธ.ค.,100,,,,,-,2026-12-25
P_1.2,1.,1.2,1.2,โครงสร้างหน่วยงานที่ทำหน้าที่รับผิดชอบการกำกับดูแลด้าน IT Risk และ IT Compliance (รวมถึงระบบเทคโนโลยีดิจิทัล และ AI) (2nd line),,ม.ค.,8,12,อยู่ระหว่างดำเนินการ,,,-,2026-01-25
P_1.2,1.,1.2,1.2,โครงสร้างหน่วยงานที่ทำหน้าที่รับผิดชอบการกำกับดูแลด้าน IT Risk และ IT Compliance (รวมถึงระบบเทคโนโลยีดิจิทัล และ AI) (2nd line),,ก.พ.,17,17,อยู่ระหว่างดำเนินการ,,,-,2026-02-25
P_1.2,1.,1.2,1.2,โครงสร้างหน่วยงานที่ทำหน้าที่รับผิดชอบการกำกับดูแลด้าน IT Risk และ IT Compliance (รวมถึงระบบเทคโนโลยีดิจิทัล และ AI) (2nd line),,มี.ค.,25,19,อยู่ระหว่างดำเนินการ,,,-,2026-03-25
P_1.2,1.,1.2,1.2,โครงสร้างหน่วยงานที่ทำหน้าที่รับผิดชอบการกำกับดูแลด้าน IT Risk และ IT Compliance (รวมถึงระบบเทคโนโลยีดิจิทัล และ AI) (2nd line),,เม.ย.,33,33,อยู่ระหว่างดำเนินการ,,,-,2026-04-25
P_1.2,1.,1.2,1.2,โครงสร้างหน่วยงานที่ทำหน้าที่รับผิดชอบการกำกับดูแลด้าน IT Risk และ IT Compliance (รวมถึงระบบเทคโนโลยีดิจิทัล และ AI) (2nd line),,พ.ค.,42,42,อยู่ระหว่างดำเนินการ,,,-,2026-05-25
P_1.2,1.,1.2,1.2,โครงสร้างหน่วยงานที่ทำหน้าที่รับผิดชอบการกำกับดูแลด้าน IT Risk และ IT Compliance (รวมถึงระบบเทคโนโลยีดิจิทัล และ AI) (2nd line),,มิ.ย.,50,47,อยู่ระหว่างดำเนินการ,ดำเนินการ โครงสร้างหน่วยงานที่ (ถึง มิ.ย.),,-,2026-06-25
P_1.2,1.,1.2,1.2,โครงสร้างหน่วยงานที่ทำหน้าที่รับผิดชอบการกำกับดูแลด้าน IT Risk และ IT Compliance (รวมถึงระบบเทคโนโลยีดิจิทัล และ AI) (2nd line),,ก.ค.,58,,,,,-,2026-07-25
P_1.2,1.,1.2,1.2,โครงสร้างหน่วยงานที่ทำหน้าที่รับผิดชอบการกำกับดูแลด้าน IT Risk และ IT Compliance (รวมถึงระบบเทคโนโลยีดิจิทัล และ AI) (2nd line),,ส.ค.,67,,,,,-,2026-08-25
P_1.2,1.,1.2,1.2,โครงสร้างหน่วยงานที่ทำหน้าที่รับผิดชอบการกำกับดูแลด้าน IT Risk และ IT Compliance (รวมถึงระบบเทคโนโลยีดิจิทัล และ AI) (2nd line),,ก.ย.,75,,,,,-,2026-09-25
P_1.2,1.,1.2,1.2,โครงสร้างหน่วยงานที่ทำหน้าที่รับผิดชอบการกำกับดูแลด้าน IT Risk และ IT Compliance (รวมถึงระบบเทคโนโลยีดิจิทัล และ AI) (2nd line),,ต.ค.,83,,,,,-,2026-10-25
P_1.2,1.,1.2,1.2,โครงสร้างหน่วยงานที่ทำหน้าที่รับผิดชอบการกำกับดูแลด้าน IT Risk และ IT Compliance (รวมถึงระบบเทคโนโลยีดิจิทัล และ AI) (2nd line),,พ.ย.,92,,,,,-,2026-11-25
P_1.2,1.,1.2,1.2,โครงสร้างหน่วยงานที่ทำหน้าที่รับผิดชอบการกำกับดูแลด้าน IT Risk และ IT Compliance (รวมถึงระบบเทคโนโลยีดิจิทัล และ AI) (2nd line),,ธ.ค.,100,,,,,-,2026-12-25
P_1.3,1.,1.3,1.3,การจัดทำ Risk Taxonomy เพื่อความสอดคล้องในการระบุ และจัดประเภทความเสี่ยง,,ม.ค.,8,5,อยู่ระหว่างดำเนินการ,,,-,2026-01-25
P_1.3,1.,1.3,1.3,การจัดทำ Risk Taxonomy เพื่อความสอดคล้องในการระบุ และจัดประเภทความเสี่ยง,,ก.พ.,17,17,อยู่ระหว่างดำเนินการ,,,-,2026-02-25
P_1.3,1.,1.3,1.3,การจัดทำ Risk Taxonomy เพื่อความสอดคล้องในการระบุ และจัดประเภทความเสี่ยง,,มี.ค.,25,19,อยู่ระหว่างดำเนินการ,,,-,2026-03-25
P_1.3,1.,1.3,1.3,การจัดทำ Risk Taxonomy เพื่อความสอดคล้องในการระบุ และจัดประเภทความเสี่ยง,,เม.ย.,33,33,อยู่ระหว่างดำเนินการ,,,-,2026-04-25
P_1.3,1.,1.3,1.3,การจัดทำ Risk Taxonomy เพื่อความสอดคล้องในการระบุ และจัดประเภทความเสี่ยง,,พ.ค.,42,39,อยู่ระหว่างดำเนินการ,,,-,2026-05-25
P_1.3,1.,1.3,1.3,การจัดทำ Risk Taxonomy เพื่อความสอดคล้องในการระบุ และจัดประเภทความเสี่ยง,,มิ.ย.,50,50,อยู่ระหว่างดำเนินการ,ดำเนินการ การจัดทำ Risk Taxono (ถึง มิ.ย.),,-,2026-06-25
P_1.3,1.,1.3,1.3,การจัดทำ Risk Taxonomy เพื่อความสอดคล้องในการระบุ และจัดประเภทความเสี่ยง,,ก.ค.,58,,,,,-,2026-07-25
P_1.3,1.,1.3,1.3,การจัดทำ Risk Taxonomy เพื่อความสอดคล้องในการระบุ และจัดประเภทความเสี่ยง,,ส.ค.,67,,,,,-,2026-08-25
P_1.3,1.,1.3,1.3,การจัดทำ Risk Taxonomy เพื่อความสอดคล้องในการระบุ และจัดประเภทความเสี่ยง,,ก.ย.,75,,,,,-,2026-09-25
P_1.3,1.,1.3,1.3,การจัดทำ Risk Taxonomy เพื่อความสอดคล้องในการระบุ และจัดประเภทความเสี่ยง,,ต.ค.,83,,,,,-,2026-10-25
P_1.3,1.,1.3,1.3,การจัดทำ Risk Taxonomy เพื่อความสอดคล้องในการระบุ และจัดประเภทความเสี่ยง,,พ.ย.,92,,,,,-,2026-11-25
P_1.3,1.,1.3,1.3,การจัดทำ Risk Taxonomy เพื่อความสอดคล้องในการระบุ และจัดประเภทความเสี่ยง,,ธ.ค.,100,,,,,-,2026-12-25
P_1.4,1.,1.4,1.4,การวิเคราะห์ตัวชี้วัดความเสี่ยง (KRI) เพื่อวิเคราะห์แนวโน้ม และคาดการณ์เหตุการณ์ความเสี่ยง,,เม.ย.,33,33,อยู่ระหว่างดำเนินการ,,,-,2026-04-25
P_1.4,1.,1.4,1.4,การวิเคราะห์ตัวชี้วัดความเสี่ยง (KRI) เพื่อวิเคราะห์แนวโน้ม และคาดการณ์เหตุการณ์ความเสี่ยง,,พ.ค.,67,61,อยู่ระหว่างดำเนินการ,,,-,2026-05-25
P_1.4,1.,1.4,1.4,การวิเคราะห์ตัวชี้วัดความเสี่ยง (KRI) เพื่อวิเคราะห์แนวโน้ม และคาดการณ์เหตุการณ์ความเสี่ยง,,มิ.ย.,100,100,เสร็จสิ้น,ดำเนินการ การวิเคราะห์ตัวชี้วั (ถึง มิ.ย.),,-,2026-06-25
P_1.4,1.,1.4,1.4,การวิเคราะห์ตัวชี้วัดความเสี่ยง (KRI) เพื่อวิเคราะห์แนวโน้ม และคาดการณ์เหตุการณ์ความเสี่ยง,,ก.ค.,100,,,,,-,2026-07-25
P_1.4,1.,1.4,1.4,การวิเคราะห์ตัวชี้วัดความเสี่ยง (KRI) เพื่อวิเคราะห์แนวโน้ม และคาดการณ์เหตุการณ์ความเสี่ยง,,ส.ค.,100,,,,,-,2026-08-25
P_1.4,1.,1.4,1.4,การวิเคราะห์ตัวชี้วัดความเสี่ยง (KRI) เพื่อวิเคราะห์แนวโน้ม และคาดการณ์เหตุการณ์ความเสี่ยง,,ก.ย.,100,,,,,-,2026-09-25
P_1.4,1.,1.4,1.4,การวิเคราะห์ตัวชี้วัดความเสี่ยง (KRI) เพื่อวิเคราะห์แนวโน้ม และคาดการณ์เหตุการณ์ความเสี่ยง,,ต.ค.,100,,,,,-,2026-10-25
P_1.4,1.,1.4,1.4,การวิเคราะห์ตัวชี้วัดความเสี่ยง (KRI) เพื่อวิเคราะห์แนวโน้ม และคาดการณ์เหตุการณ์ความเสี่ยง,,พ.ย.,100,,,,,-,2026-11-25
P_1.4,1.,1.4,1.4,การวิเคราะห์ตัวชี้วัดความเสี่ยง (KRI) เพื่อวิเคราะห์แนวโน้ม และคาดการณ์เหตุการณ์ความเสี่ยง,,ธ.ค.,100,,,,,-,2026-12-25
P_1.5,1.,1.5,1.5,การสร้างวัฒนธรรม GRC ผ่าน GRC Survey และการสนทนากลุ่ม (Focus Group),,ก.ค.,20,,,,,-,2026-07-25
P_1.5,1.,1.5,1.5,การสร้างวัฒนธรรม GRC ผ่าน GRC Survey และการสนทนากลุ่ม (Focus Group),,ส.ค.,40,,,,,-,2026-08-25
P_1.5,1.,1.5,1.5,การสร้างวัฒนธรรม GRC ผ่าน GRC Survey และการสนทนากลุ่ม (Focus Group),,ก.ย.,60,,,,,-,2026-09-25
P_1.5,1.,1.5,1.5,การสร้างวัฒนธรรม GRC ผ่าน GRC Survey และการสนทนากลุ่ม (Focus Group),,ต.ค.,80,,,,,-,2026-10-25
P_1.5,1.,1.5,1.5,การสร้างวัฒนธรรม GRC ผ่าน GRC Survey และการสนทนากลุ่ม (Focus Group),,พ.ย.,100,,,,,-,2026-11-25
P_1.5,1.,1.5,1.5,การสร้างวัฒนธรรม GRC ผ่าน GRC Survey และการสนทนากลุ่ม (Focus Group),,ธ.ค.,100,,,,,-,2026-12-25
P_1.6,1.,1.6,1.6,การพัฒนากระบวนการจัดทำหลักสูตรอบรมโดยอ้างอิงความเสี่ยง (Risk-based training) และติดตามผลการอบรม,,ต.ค.,33,,,,,-,2026-10-25
P_1.6,1.,1.6,1.6,การพัฒนากระบวนการจัดทำหลักสูตรอบรมโดยอ้างอิงความเสี่ยง (Risk-based training) และติดตามผลการอบรม,,พ.ย.,67,,,,,-,2026-11-25
P_1.6,1.,1.6,1.6,การพัฒนากระบวนการจัดทำหลักสูตรอบรมโดยอ้างอิงความเสี่ยง (Risk-based training) และติดตามผลการอบรม,,ธ.ค.,100,,,,,-,2026-12-25
P_1.7,1.,1.7,1.7,การเชื่อมโยงการปฏิบัติงานด้าน GRC กับสิ่งจูงใจ (Incentive) หรือผลการปฏิบัติงาน (Performance),,ต.ค.,33,,,,,-,2026-10-25
P_1.7,1.,1.7,1.7,การเชื่อมโยงการปฏิบัติงานด้าน GRC กับสิ่งจูงใจ (Incentive) หรือผลการปฏิบัติงาน (Performance),,พ.ย.,67,,,,,-,2026-11-25
P_1.7,1.,1.7,1.7,การเชื่อมโยงการปฏิบัติงานด้าน GRC กับสิ่งจูงใจ (Incentive) หรือผลการปฏิบัติงาน (Performance),,ธ.ค.,100,,,,,-,2026-12-25
P_1.8,1.,1.8,1.8,การปรับปรุงนโยบายการกำกับการปฏิบัติตามกฎ ระเบียบและจัดทำนโยบาย IT Third Party Risk Management,,ต.ค.,33,,,,,-,2026-10-25
P_1.8,1.,1.8,1.8,การปรับปรุงนโยบายการกำกับการปฏิบัติตามกฎ ระเบียบและจัดทำนโยบาย IT Third Party Risk Management,,พ.ย.,67,,,,,-,2026-11-25
P_1.8,1.,1.8,1.8,การปรับปรุงนโยบายการกำกับการปฏิบัติตามกฎ ระเบียบและจัดทำนโยบาย IT Third Party Risk Management,,ธ.ค.,100,,,,,-,2026-12-25
P_1.9,1.,1.9,1.9,การผลักดันให้มีหน่วยงานกลางกำกับและรวบรวมนโยบาย,,ม.ค.,8,5,อยู่ระหว่างดำเนินการ,,,-,2026-01-25
P_1.9,1.,1.9,1.9,การผลักดันให้มีหน่วยงานกลางกำกับและรวบรวมนโยบาย,,ก.พ.,17,17,อยู่ระหว่างดำเนินการ,,,-,2026-02-25
P_1.9,1.,1.9,1.9,การผลักดันให้มีหน่วยงานกลางกำกับและรวบรวมนโยบาย,,มี.ค.,25,19,อยู่ระหว่างดำเนินการ,,,-,2026-03-25
P_1.9,1.,1.9,1.9,การผลักดันให้มีหน่วยงานกลางกำกับและรวบรวมนโยบาย,,เม.ย.,33,33,อยู่ระหว่างดำเนินการ,,,-,2026-04-25
P_1.9,1.,1.9,1.9,การผลักดันให้มีหน่วยงานกลางกำกับและรวบรวมนโยบาย,,พ.ค.,42,47,อยู่ระหว่างดำเนินการ,,,-,2026-05-25
P_1.9,1.,1.9,1.9,การผลักดันให้มีหน่วยงานกลางกำกับและรวบรวมนโยบาย,,มิ.ย.,50,47,อยู่ระหว่างดำเนินการ,ดำเนินการ การผลักดันให้มีหน่วย (ถึง มิ.ย.),,-,2026-06-25
P_1.9,1.,1.9,1.9,การผลักดันให้มีหน่วยงานกลางกำกับและรวบรวมนโยบาย,,ก.ค.,58,,,,,-,2026-07-25
P_1.9,1.,1.9,1.9,การผลักดันให้มีหน่วยงานกลางกำกับและรวบรวมนโยบาย,,ส.ค.,67,,,,,-,2026-08-25
P_1.9,1.,1.9,1.9,การผลักดันให้มีหน่วยงานกลางกำกับและรวบรวมนโยบาย,,ก.ย.,75,,,,,-,2026-09-25
P_1.9,1.,1.9,1.9,การผลักดันให้มีหน่วยงานกลางกำกับและรวบรวมนโยบาย,,ต.ค.,83,,,,,-,2026-10-25
P_1.9,1.,1.9,1.9,การผลักดันให้มีหน่วยงานกลางกำกับและรวบรวมนโยบาย,,พ.ย.,92,,,,,-,2026-11-25
P_1.9,1.,1.9,1.9,การผลักดันให้มีหน่วยงานกลางกำกับและรวบรวมนโยบาย,,ธ.ค.,100,,,,,-,2026-12-25
P_1.10,1.,1.10,1.10,การบูรณาการข้อมูลกระบวนงาน,,เม.ย.,17,14,อยู่ระหว่างดำเนินการ,,,-,2026-04-25
P_1.10,1.,1.10,1.10,การบูรณาการข้อมูลกระบวนงาน,,พ.ค.,33,38,อยู่ระหว่างดำเนินการ,,,-,2026-05-25
P_1.10,1.,1.10,1.10,การบูรณาการข้อมูลกระบวนงาน,,มิ.ย.,50,50,อยู่ระหว่างดำเนินการ,ดำเนินการ การบูรณาการข้อมูลกระ (ถึง มิ.ย.),,-,2026-06-25
P_1.10,1.,1.10,1.10,การบูรณาการข้อมูลกระบวนงาน,,ก.ค.,67,,,,,-,2026-07-25
P_1.10,1.,1.10,1.10,การบูรณาการข้อมูลกระบวนงาน,,ส.ค.,83,,,,,-,2026-08-25
P_1.10,1.,1.10,1.10,การบูรณาการข้อมูลกระบวนงาน,,ก.ย.,100,,,,,-,2026-09-25
P_1.10,1.,1.10,1.10,การบูรณาการข้อมูลกระบวนงาน,,ต.ค.,100,,,,,-,2026-10-25
P_1.10,1.,1.10,1.10,การบูรณาการข้อมูลกระบวนงาน,,พ.ย.,100,,,,,-,2026-11-25
P_1.10,1.,1.10,1.10,การบูรณาการข้อมูลกระบวนงาน,,ธ.ค.,100,,,,,-,2026-12-25
P_1.11,1.,1.11,1.11,การปรับแนวทางการประเมิน CSA,,ก.ค.,33,,,,,-,2026-07-25
P_1.11,1.,1.11,1.11,การปรับแนวทางการประเมิน CSA,,ส.ค.,67,,,,,-,2026-08-25
P_1.11,1.,1.11,1.11,การปรับแนวทางการประเมิน CSA,,ก.ย.,100,,,,,-,2026-09-25
P_1.11,1.,1.11,1.11,การปรับแนวทางการประเมิน CSA,,ต.ค.,100,,,,,-,2026-10-25
P_1.11,1.,1.11,1.11,การปรับแนวทางการประเมิน CSA,,พ.ย.,100,,,,,-,2026-11-25
P_1.11,1.,1.11,1.11,การปรับแนวทางการประเมิน CSA,,ธ.ค.,100,,,,,-,2026-12-25
P_1.12,1.,1.12,1.12,การจัดทำแนวทาง/เอกสารในการรวบรวมข้อมูลเหตุการณ์ (Incident information),,ม.ค.,8,0,ยังไม่ดำเนินการ,,,-,2026-01-25
P_1.12,1.,1.12,1.12,การจัดทำแนวทาง/เอกสารในการรวบรวมข้อมูลเหตุการณ์ (Incident information),,ก.พ.,17,22,อยู่ระหว่างดำเนินการ,,,-,2026-02-25
P_1.12,1.,1.12,1.12,การจัดทำแนวทาง/เอกสารในการรวบรวมข้อมูลเหตุการณ์ (Incident information),,มี.ค.,25,25,อยู่ระหว่างดำเนินการ,,,-,2026-03-25
P_1.12,1.,1.12,1.12,การจัดทำแนวทาง/เอกสารในการรวบรวมข้อมูลเหตุการณ์ (Incident information),,เม.ย.,33,27,อยู่ระหว่างดำเนินการ,,,-,2026-04-25
P_1.12,1.,1.12,1.12,การจัดทำแนวทาง/เอกสารในการรวบรวมข้อมูลเหตุการณ์ (Incident information),,พ.ค.,42,46,อยู่ระหว่างดำเนินการ,,,-,2026-05-25
P_1.12,1.,1.12,1.12,การจัดทำแนวทาง/เอกสารในการรวบรวมข้อมูลเหตุการณ์ (Incident information),,มิ.ย.,50,50,อยู่ระหว่างดำเนินการ,ดำเนินการ การจัดทำแนวทาง/เอกสา (ถึง มิ.ย.),,-,2026-06-25
P_1.12,1.,1.12,1.12,การจัดทำแนวทาง/เอกสารในการรวบรวมข้อมูลเหตุการณ์ (Incident information),,ก.ค.,58,,,,,-,2026-07-25
P_1.12,1.,1.12,1.12,การจัดทำแนวทาง/เอกสารในการรวบรวมข้อมูลเหตุการณ์ (Incident information),,ส.ค.,67,,,,,-,2026-08-25
P_1.12,1.,1.12,1.12,การจัดทำแนวทาง/เอกสารในการรวบรวมข้อมูลเหตุการณ์ (Incident information),,ก.ย.,75,,,,,-,2026-09-25
P_1.12,1.,1.12,1.12,การจัดทำแนวทาง/เอกสารในการรวบรวมข้อมูลเหตุการณ์ (Incident information),,ต.ค.,83,,,,,-,2026-10-25
P_1.12,1.,1.12,1.12,การจัดทำแนวทาง/เอกสารในการรวบรวมข้อมูลเหตุการณ์ (Incident information),,พ.ย.,92,,,,,-,2026-11-25
P_1.12,1.,1.12,1.12,การจัดทำแนวทาง/เอกสารในการรวบรวมข้อมูลเหตุการณ์ (Incident information),,ธ.ค.,100,,,,,-,2026-12-25
P_1.13,1.,1.13,1.13,การพัฒนาเครื่องมือติดตามประสิทธิภาพการควบคุมอย่างต่อเนื่อง (Continuous Monitoring),,ม.ค.,8,8,อยู่ระหว่างดำเนินการ,,,-,2026-01-25
P_1.13,1.,1.13,1.13,การพัฒนาเครื่องมือติดตามประสิทธิภาพการควบคุมอย่างต่อเนื่อง (Continuous Monitoring),,ก.พ.,17,17,อยู่ระหว่างดำเนินการ,,,-,2026-02-25
P_1.13,1.,1.13,1.13,การพัฒนาเครื่องมือติดตามประสิทธิภาพการควบคุมอย่างต่อเนื่อง (Continuous Monitoring),,มี.ค.,25,19,อยู่ระหว่างดำเนินการ,,,-,2026-03-25
P_1.13,1.,1.13,1.13,การพัฒนาเครื่องมือติดตามประสิทธิภาพการควบคุมอย่างต่อเนื่อง (Continuous Monitoring),,เม.ย.,33,19,อยู่ระหว่างดำเนินการ,,,-,2026-04-25
P_1.13,1.,1.13,1.13,การพัฒนาเครื่องมือติดตามประสิทธิภาพการควบคุมอย่างต่อเนื่อง (Continuous Monitoring),,พ.ค.,42,39,อยู่ระหว่างดำเนินการ,,,-,2026-05-25
P_1.13,1.,1.13,1.13,การพัฒนาเครื่องมือติดตามประสิทธิภาพการควบคุมอย่างต่อเนื่อง (Continuous Monitoring),,มิ.ย.,50,54,อยู่ระหว่างดำเนินการ,ดำเนินการ การพัฒนาเครื่องมือติ (ถึง มิ.ย.),,-,2026-06-25
P_1.13,1.,1.13,1.13,การพัฒนาเครื่องมือติดตามประสิทธิภาพการควบคุมอย่างต่อเนื่อง (Continuous Monitoring),,ก.ค.,58,,,,,-,2026-07-25
P_1.13,1.,1.13,1.13,การพัฒนาเครื่องมือติดตามประสิทธิภาพการควบคุมอย่างต่อเนื่อง (Continuous Monitoring),,ส.ค.,67,,,,,-,2026-08-25
P_1.13,1.,1.13,1.13,การพัฒนาเครื่องมือติดตามประสิทธิภาพการควบคุมอย่างต่อเนื่อง (Continuous Monitoring),,ก.ย.,75,,,,,-,2026-09-25
P_1.13,1.,1.13,1.13,การพัฒนาเครื่องมือติดตามประสิทธิภาพการควบคุมอย่างต่อเนื่อง (Continuous Monitoring),,ต.ค.,83,,,,,-,2026-10-25
P_1.13,1.,1.13,1.13,การพัฒนาเครื่องมือติดตามประสิทธิภาพการควบคุมอย่างต่อเนื่อง (Continuous Monitoring),,พ.ย.,92,,,,,-,2026-11-25
P_1.13,1.,1.13,1.13,การพัฒนาเครื่องมือติดตามประสิทธิภาพการควบคุมอย่างต่อเนื่อง (Continuous Monitoring),,ธ.ค.,100,,,,,-,2026-12-25
P_1.14,1.,1.14,1.14,การพัฒนาทะเบียนกฎหมาย เนื้อหาข้อบังคับที่องค์กรต้องปฏิบัติตาม (Citation) และเชื่อมโยงกับการควบคุมและนโยบาย,,ม.ค.,8,0,ยังไม่ดำเนินการ,,,-,2026-01-25
P_1.14,1.,1.14,1.14,การพัฒนาทะเบียนกฎหมาย เนื้อหาข้อบังคับที่องค์กรต้องปฏิบัติตาม (Citation) และเชื่อมโยงกับการควบคุมและนโยบาย,,ก.พ.,17,0,ยังไม่ดำเนินการ,,,-,2026-02-25
P_1.14,1.,1.14,1.14,การพัฒนาทะเบียนกฎหมาย เนื้อหาข้อบังคับที่องค์กรต้องปฏิบัติตาม (Citation) และเชื่อมโยงกับการควบคุมและนโยบาย,,มี.ค.,25,29,อยู่ระหว่างดำเนินการ,,,-,2026-03-25
P_1.14,1.,1.14,1.14,การพัฒนาทะเบียนกฎหมาย เนื้อหาข้อบังคับที่องค์กรต้องปฏิบัติตาม (Citation) และเชื่อมโยงกับการควบคุมและนโยบาย,,เม.ย.,33,29,อยู่ระหว่างดำเนินการ,,,-,2026-04-25
P_1.14,1.,1.14,1.14,การพัฒนาทะเบียนกฎหมาย เนื้อหาข้อบังคับที่องค์กรต้องปฏิบัติตาม (Citation) และเชื่อมโยงกับการควบคุมและนโยบาย,,พ.ค.,42,36,อยู่ระหว่างดำเนินการ,,,-,2026-05-25
P_1.14,1.,1.14,1.14,การพัฒนาทะเบียนกฎหมาย เนื้อหาข้อบังคับที่องค์กรต้องปฏิบัติตาม (Citation) และเชื่อมโยงกับการควบคุมและนโยบาย,,มิ.ย.,50,55,อยู่ระหว่างดำเนินการ,ดำเนินการ การพัฒนาทะเบียนกฎหมา (ถึง มิ.ย.),,-,2026-06-25
P_1.14,1.,1.14,1.14,การพัฒนาทะเบียนกฎหมาย เนื้อหาข้อบังคับที่องค์กรต้องปฏิบัติตาม (Citation) และเชื่อมโยงกับการควบคุมและนโยบาย,,ก.ค.,58,,,,,-,2026-07-25
P_1.14,1.,1.14,1.14,การพัฒนาทะเบียนกฎหมาย เนื้อหาข้อบังคับที่องค์กรต้องปฏิบัติตาม (Citation) และเชื่อมโยงกับการควบคุมและนโยบาย,,ส.ค.,67,,,,,-,2026-08-25
P_1.14,1.,1.14,1.14,การพัฒนาทะเบียนกฎหมาย เนื้อหาข้อบังคับที่องค์กรต้องปฏิบัติตาม (Citation) และเชื่อมโยงกับการควบคุมและนโยบาย,,ก.ย.,75,,,,,-,2026-09-25
P_1.14,1.,1.14,1.14,การพัฒนาทะเบียนกฎหมาย เนื้อหาข้อบังคับที่องค์กรต้องปฏิบัติตาม (Citation) และเชื่อมโยงกับการควบคุมและนโยบาย,,ต.ค.,83,,,,,-,2026-10-25
P_1.14,1.,1.14,1.14,การพัฒนาทะเบียนกฎหมาย เนื้อหาข้อบังคับที่องค์กรต้องปฏิบัติตาม (Citation) และเชื่อมโยงกับการควบคุมและนโยบาย,,พ.ย.,92,,,,,-,2026-11-25
P_1.14,1.,1.14,1.14,การพัฒนาทะเบียนกฎหมาย เนื้อหาข้อบังคับที่องค์กรต้องปฏิบัติตาม (Citation) และเชื่อมโยงกับการควบคุมและนโยบาย,,ธ.ค.,100,,,,,-,2026-12-25
M_2.1.1,2.,2.1,2.1.1,ทบทวนนโยบาย GRC,งานบริหารความเสี่ยง / พี่หนึ่ง,ก.ค.,10,,,,,พี่หนึ่ง,2026-07-25
M_2.1.1,2.,2.1,2.1.1,ทบทวนนโยบาย GRC,งานบริหารความเสี่ยง / พี่หนึ่ง,ส.ค.,30,,,,,พี่หนึ่ง,2026-08-25
M_2.1.1,2.,2.1,2.1.1,ทบทวนนโยบาย GRC,งานบริหารความเสี่ยง / พี่หนึ่ง,ก.ย.,40,,,,,พี่หนึ่ง,2026-09-25
M_2.1.1,2.,2.1,2.1.1,ทบทวนนโยบาย GRC,งานบริหารความเสี่ยง / พี่หนึ่ง,ต.ค.,50,,,,,พี่หนึ่ง,2026-10-25
M_2.1.1,2.,2.1,2.1.1,ทบทวนนโยบาย GRC,งานบริหารความเสี่ยง / พี่หนึ่ง,พ.ย.,70,,,,,พี่หนึ่ง,2026-11-25
M_2.1.1,2.,2.1,2.1.1,ทบทวนนโยบาย GRC,งานบริหารความเสี่ยง / พี่หนึ่ง,ธ.ค.,100,,,,,พี่หนึ่ง,2026-12-25
M_2.1.2,2.,2.1,2.1.2,ทบทวนโครงสร้างและบทบาทหน้าที่ด้านการบริหารความเสี่ยง,งานบริหารความเสี่ยง / พี่หนึ่ง,พ.ค.,12,6,อยู่ระหว่างดำเนินการ,,,พี่หนึ่ง,2026-05-25
M_2.1.2,2.,2.1,2.1.2,ทบทวนโครงสร้างและบทบาทหน้าที่ด้านการบริหารความเสี่ยง,งานบริหารความเสี่ยง / พี่หนึ่ง,มิ.ย.,25,25,อยู่ระหว่างดำเนินการ,ดำเนินการ ทบทวนโครงสร้างและบทบ (ถึง มิ.ย.),,พี่หนึ่ง,2026-06-25
M_2.1.2,2.,2.1,2.1.2,ทบทวนโครงสร้างและบทบาทหน้าที่ด้านการบริหารความเสี่ยง,งานบริหารความเสี่ยง / พี่หนึ่ง,ก.ค.,38,,,,,พี่หนึ่ง,2026-07-25
M_2.1.2,2.,2.1,2.1.2,ทบทวนโครงสร้างและบทบาทหน้าที่ด้านการบริหารความเสี่ยง,งานบริหารความเสี่ยง / พี่หนึ่ง,ส.ค.,50,,,,,พี่หนึ่ง,2026-08-25
M_2.1.2,2.,2.1,2.1.2,ทบทวนโครงสร้างและบทบาทหน้าที่ด้านการบริหารความเสี่ยง,งานบริหารความเสี่ยง / พี่หนึ่ง,ก.ย.,62,,,,,พี่หนึ่ง,2026-09-25
M_2.1.2,2.,2.1,2.1.2,ทบทวนโครงสร้างและบทบาทหน้าที่ด้านการบริหารความเสี่ยง,งานบริหารความเสี่ยง / พี่หนึ่ง,ต.ค.,75,,,,,พี่หนึ่ง,2026-10-25
M_2.1.2,2.,2.1,2.1.2,ทบทวนโครงสร้างและบทบาทหน้าที่ด้านการบริหารความเสี่ยง,งานบริหารความเสี่ยง / พี่หนึ่ง,พ.ย.,88,,,,,พี่หนึ่ง,2026-11-25
M_2.1.2,2.,2.1,2.1.2,ทบทวนโครงสร้างและบทบาทหน้าที่ด้านการบริหารความเสี่ยง,งานบริหารความเสี่ยง / พี่หนึ่ง,ธ.ค.,100,,,,,พี่หนึ่ง,2026-12-25
M_2.1.3,2.,2.1,2.1.3,ทบทวนกรอบการดำเนินงานและคู่มือการบริหารความเสี่ยง,งานบริหารความเสี่ยง / พี่หนึ่ง,มิ.ย.,12,0,ยังไม่ดำเนินการ,ดำเนินการ ทบทวนกรอบการดำเนินงา (ถึง มิ.ย.),,พี่หนึ่ง,2026-06-25
M_2.1.3,2.,2.1,2.1.3,ทบทวนกรอบการดำเนินงานและคู่มือการบริหารความเสี่ยง,งานบริหารความเสี่ยง / พี่หนึ่ง,ก.ค.,25,,,,,พี่หนึ่ง,2026-07-25
M_2.1.3,2.,2.1,2.1.3,ทบทวนกรอบการดำเนินงานและคู่มือการบริหารความเสี่ยง,งานบริหารความเสี่ยง / พี่หนึ่ง,ส.ค.,50,,,,,พี่หนึ่ง,2026-08-25
M_2.1.3,2.,2.1,2.1.3,ทบทวนกรอบการดำเนินงานและคู่มือการบริหารความเสี่ยง,งานบริหารความเสี่ยง / พี่หนึ่ง,ก.ย.,62,,,,,พี่หนึ่ง,2026-09-25
M_2.1.3,2.,2.1,2.1.3,ทบทวนกรอบการดำเนินงานและคู่มือการบริหารความเสี่ยง,งานบริหารความเสี่ยง / พี่หนึ่ง,ต.ค.,75,,,,,พี่หนึ่ง,2026-10-25
M_2.1.3,2.,2.1,2.1.3,ทบทวนกรอบการดำเนินงานและคู่มือการบริหารความเสี่ยง,งานบริหารความเสี่ยง / พี่หนึ่ง,พ.ย.,88,,,,,พี่หนึ่ง,2026-11-25
M_2.1.3,2.,2.1,2.1.3,ทบทวนกรอบการดำเนินงานและคู่มือการบริหารความเสี่ยง,งานบริหารความเสี่ยง / พี่หนึ่ง,ธ.ค.,100,,,,,พี่หนึ่ง,2026-12-25
M_2.2.1,2.,2.2,2.2.1,ทบทวน Competency / พฤติกรรมพึงประสงค์ด้านการบริหารความเสี่ยง กับผู้บริหาร และพนักงานที่เกี่ยวข้อง,งานบริหารความเสี่ยง / แบม,ม.ค.,17,0,ยังไม่ดำเนินการ,,,แบม,2026-01-25
M_2.2.1,2.,2.2,2.2.1,ทบทวน Competency / พฤติกรรมพึงประสงค์ด้านการบริหารความเสี่ยง กับผู้บริหาร และพนักงานที่เกี่ยวข้อง,งานบริหารความเสี่ยง / แบม,ก.พ.,33,37,อยู่ระหว่างดำเนินการ,,,แบม,2026-02-25
M_2.2.1,2.,2.2,2.2.1,ทบทวน Competency / พฤติกรรมพึงประสงค์ด้านการบริหารความเสี่ยง กับผู้บริหาร และพนักงานที่เกี่ยวข้อง,งานบริหารความเสี่ยง / แบม,มี.ค.,50,37,อยู่ระหว่างดำเนินการ,,,แบม,2026-03-25
M_2.2.1,2.,2.2,2.2.1,ทบทวน Competency / พฤติกรรมพึงประสงค์ด้านการบริหารความเสี่ยง กับผู้บริหาร และพนักงานที่เกี่ยวข้อง,งานบริหารความเสี่ยง / แบม,เม.ย.,67,52,อยู่ระหว่างดำเนินการ,,,แบม,2026-04-25
M_2.2.1,2.,2.2,2.2.1,ทบทวน Competency / พฤติกรรมพึงประสงค์ด้านการบริหารความเสี่ยง กับผู้บริหาร และพนักงานที่เกี่ยวข้อง,งานบริหารความเสี่ยง / แบม,พ.ค.,83,83,อยู่ระหว่างดำเนินการ,,,แบม,2026-05-25
M_2.2.1,2.,2.2,2.2.1,ทบทวน Competency / พฤติกรรมพึงประสงค์ด้านการบริหารความเสี่ยง กับผู้บริหาร และพนักงานที่เกี่ยวข้อง,งานบริหารความเสี่ยง / แบม,มิ.ย.,100,100,เสร็จสิ้น,ดำเนินการ ทบทวน Competency / พ (ถึง มิ.ย.),,แบม,2026-06-25
M_2.2.1,2.,2.2,2.2.1,ทบทวน Competency / พฤติกรรมพึงประสงค์ด้านการบริหารความเสี่ยง กับผู้บริหาร และพนักงานที่เกี่ยวข้อง,งานบริหารความเสี่ยง / แบม,ก.ค.,100,,,,,แบม,2026-07-25
M_2.2.1,2.,2.2,2.2.1,ทบทวน Competency / พฤติกรรมพึงประสงค์ด้านการบริหารความเสี่ยง กับผู้บริหาร และพนักงานที่เกี่ยวข้อง,งานบริหารความเสี่ยง / แบม,ส.ค.,100,,,,,แบม,2026-08-25
M_2.2.1,2.,2.2,2.2.1,ทบทวน Competency / พฤติกรรมพึงประสงค์ด้านการบริหารความเสี่ยง กับผู้บริหาร และพนักงานที่เกี่ยวข้อง,งานบริหารความเสี่ยง / แบม,ก.ย.,100,,,,,แบม,2026-09-25
M_2.2.1,2.,2.2,2.2.1,ทบทวน Competency / พฤติกรรมพึงประสงค์ด้านการบริหารความเสี่ยง กับผู้บริหาร และพนักงานที่เกี่ยวข้อง,งานบริหารความเสี่ยง / แบม,ต.ค.,100,,,,,แบม,2026-10-25
M_2.2.1,2.,2.2,2.2.1,ทบทวน Competency / พฤติกรรมพึงประสงค์ด้านการบริหารความเสี่ยง กับผู้บริหาร และพนักงานที่เกี่ยวข้อง,งานบริหารความเสี่ยง / แบม,พ.ย.,100,,,,,แบม,2026-11-25
M_2.2.1,2.,2.2,2.2.1,ทบทวน Competency / พฤติกรรมพึงประสงค์ด้านการบริหารความเสี่ยง กับผู้บริหาร และพนักงานที่เกี่ยวข้อง,งานบริหารความเสี่ยง / แบม,ธ.ค.,100,,,,,แบม,2026-12-25
M_2.2.2,2.,2.2,2.2.2,อบรมและพัฒนาพนักงานตาม Competency ที่กำหนด,งานบริหารความเสี่ยง / แบม,ม.ค.,4,1,อยู่ระหว่างดำเนินการ,,,แบม,2026-01-25
M_2.2.2,2.,2.2,2.2.2,อบรมและพัฒนาพนักงานตาม Competency ที่กำหนด,งานบริหารความเสี่ยง / แบม,ก.พ.,8,13,อยู่ระหว่างดำเนินการ,,,แบม,2026-02-25
M_2.2.2,2.,2.2,2.2.2,อบรมและพัฒนาพนักงานตาม Competency ที่กำหนด,งานบริหารความเสี่ยง / แบม,มี.ค.,12,16,อยู่ระหว่างดำเนินการ,,,แบม,2026-03-25
M_2.2.2,2.,2.2,2.2.2,อบรมและพัฒนาพนักงานตาม Competency ที่กำหนด,งานบริหารความเสี่ยง / แบม,เม.ย.,19,24,อยู่ระหว่างดำเนินการ,,,แบม,2026-04-25
M_2.2.2,2.,2.2,2.2.2,อบรมและพัฒนาพนักงานตาม Competency ที่กำหนด,งานบริหารความเสี่ยง / แบม,พ.ค.,27,24,อยู่ระหว่างดำเนินการ,,,แบม,2026-05-25
M_2.2.2,2.,2.2,2.2.2,อบรมและพัฒนาพนักงานตาม Competency ที่กำหนด,งานบริหารความเสี่ยง / แบม,มิ.ย.,35,32,อยู่ระหว่างดำเนินการ,ดำเนินการ อบรมและพัฒนาพนักงานต (ถึง มิ.ย.),,แบม,2026-06-25
M_2.2.2,2.,2.2,2.2.2,อบรมและพัฒนาพนักงานตาม Competency ที่กำหนด,งานบริหารความเสี่ยง / แบม,ก.ค.,42,,,,,แบม,2026-07-25
M_2.2.2,2.,2.2,2.2.2,อบรมและพัฒนาพนักงานตาม Competency ที่กำหนด,งานบริหารความเสี่ยง / แบม,ส.ค.,50,,,,,แบม,2026-08-25
M_2.2.2,2.,2.2,2.2.2,อบรมและพัฒนาพนักงานตาม Competency ที่กำหนด,งานบริหารความเสี่ยง / แบม,ก.ย.,62,,,,,แบม,2026-09-25
M_2.2.2,2.,2.2,2.2.2,อบรมและพัฒนาพนักงานตาม Competency ที่กำหนด,งานบริหารความเสี่ยง / แบม,ต.ค.,77,,,,,แบม,2026-10-25
M_2.2.2,2.,2.2,2.2.2,อบรมและพัฒนาพนักงานตาม Competency ที่กำหนด,งานบริหารความเสี่ยง / แบม,พ.ย.,88,,,,,แบม,2026-11-25
M_2.2.2,2.,2.2,2.2.2,อบรมและพัฒนาพนักงานตาม Competency ที่กำหนด,งานบริหารความเสี่ยง / แบม,ธ.ค.,100,,,,,แบม,2026-12-25
M_2.2.3,2.,2.2,2.2.3,สื่อสารสร้างความตระหนักด้านการบริหารความเสี่ยง,งานบริหารความเสี่ยง / แบม,ม.ค.,11,11,อยู่ระหว่างดำเนินการ,,,แบม,2026-01-25
M_2.2.3,2.,2.2,2.2.3,สื่อสารสร้างความตระหนักด้านการบริหารความเสี่ยง,งานบริหารความเสี่ยง / แบม,ก.พ.,33,33,อยู่ระหว่างดำเนินการ,,,แบม,2026-02-25
M_2.2.3,2.,2.2,2.2.3,สื่อสารสร้างความตระหนักด้านการบริหารความเสี่ยง,งานบริหารความเสี่ยง / แบม,มี.ค.,44,48,อยู่ระหว่างดำเนินการ,,,แบม,2026-03-25
M_2.2.3,2.,2.2,2.2.3,สื่อสารสร้างความตระหนักด้านการบริหารความเสี่ยง,งานบริหารความเสี่ยง / แบม,เม.ย.,56,60,อยู่ระหว่างดำเนินการ,,,แบม,2026-04-25
M_2.2.3,2.,2.2,2.2.3,สื่อสารสร้างความตระหนักด้านการบริหารความเสี่ยง,งานบริหารความเสี่ยง / แบม,พ.ค.,61,65,อยู่ระหว่างดำเนินการ,,,แบม,2026-05-25
M_2.2.3,2.,2.2,2.2.3,สื่อสารสร้างความตระหนักด้านการบริหารความเสี่ยง,งานบริหารความเสี่ยง / แบม,มิ.ย.,67,65,อยู่ระหว่างดำเนินการ,ดำเนินการ สื่อสารสร้างความตระห (ถึง มิ.ย.),,แบม,2026-06-25
M_2.2.3,2.,2.2,2.2.3,สื่อสารสร้างความตระหนักด้านการบริหารความเสี่ยง,งานบริหารความเสี่ยง / แบม,ก.ค.,72,,,,,แบม,2026-07-25
M_2.2.3,2.,2.2,2.2.3,สื่อสารสร้างความตระหนักด้านการบริหารความเสี่ยง,งานบริหารความเสี่ยง / แบม,ส.ค.,78,,,,,แบม,2026-08-25
M_2.2.3,2.,2.2,2.2.3,สื่อสารสร้างความตระหนักด้านการบริหารความเสี่ยง,งานบริหารความเสี่ยง / แบม,ก.ย.,83,,,,,แบม,2026-09-25
M_2.2.3,2.,2.2,2.2.3,สื่อสารสร้างความตระหนักด้านการบริหารความเสี่ยง,งานบริหารความเสี่ยง / แบม,ต.ค.,89,,,,,แบม,2026-10-25
M_2.2.3,2.,2.2,2.2.3,สื่อสารสร้างความตระหนักด้านการบริหารความเสี่ยง,งานบริหารความเสี่ยง / แบม,พ.ย.,94,,,,,แบม,2026-11-25
M_2.2.3,2.,2.2,2.2.3,สื่อสารสร้างความตระหนักด้านการบริหารความเสี่ยง,งานบริหารความเสี่ยง / แบม,ธ.ค.,100,,,,,แบม,2026-12-25
M_2.2.4,2.,2.2,2.2.4,สำรวจความตระหนักและทัศนคติเกี่ยวกับการบริหารความเสี่ยง,งานบริหารความเสี่ยง / แบม,ก.ค.,14,,,,,แบม,2026-07-25
M_2.2.4,2.,2.2,2.2.4,สำรวจความตระหนักและทัศนคติเกี่ยวกับการบริหารความเสี่ยง,งานบริหารความเสี่ยง / แบม,ส.ค.,29,,,,,แบม,2026-08-25
M_2.2.4,2.,2.2,2.2.4,สำรวจความตระหนักและทัศนคติเกี่ยวกับการบริหารความเสี่ยง,งานบริหารความเสี่ยง / แบม,ก.ย.,57,,,,,แบม,2026-09-25
M_2.2.4,2.,2.2,2.2.4,สำรวจความตระหนักและทัศนคติเกี่ยวกับการบริหารความเสี่ยง,งานบริหารความเสี่ยง / แบม,ต.ค.,71,,,,,แบม,2026-10-25
M_2.2.4,2.,2.2,2.2.4,สำรวจความตระหนักและทัศนคติเกี่ยวกับการบริหารความเสี่ยง,งานบริหารความเสี่ยง / แบม,พ.ย.,86,,,,,แบม,2026-11-25
M_2.2.4,2.,2.2,2.2.4,สำรวจความตระหนักและทัศนคติเกี่ยวกับการบริหารความเสี่ยง,งานบริหารความเสี่ยง / แบม,ธ.ค.,100,,,,,แบม,2026-12-25
M_2.2.5,2.,2.2,2.2.5,ทบทวนการจัดทำการเชื่อมโยง KPI กับผลการดำเนินงานด้านการบริหารความเสี่ยงของแต่ละสายงาน,งานบริหารความเสี่ยง / แบม,ม.ค.,12,0,ยังไม่ดำเนินการ,,,แบม,2026-01-25
M_2.2.5,2.,2.2,2.2.5,ทบทวนการจัดทำการเชื่อมโยง KPI กับผลการดำเนินงานด้านการบริหารความเสี่ยงของแต่ละสายงาน,งานบริหารความเสี่ยง / แบม,ก.พ.,38,38,อยู่ระหว่างดำเนินการ,,,แบม,2026-02-25
M_2.2.5,2.,2.2,2.2.5,ทบทวนการจัดทำการเชื่อมโยง KPI กับผลการดำเนินงานด้านการบริหารความเสี่ยงของแต่ละสายงาน,งานบริหารความเสี่ยง / แบม,มี.ค.,50,50,อยู่ระหว่างดำเนินการ,,,แบม,2026-03-25
M_2.2.5,2.,2.2,2.2.5,ทบทวนการจัดทำการเชื่อมโยง KPI กับผลการดำเนินงานด้านการบริหารความเสี่ยงของแต่ละสายงาน,งานบริหารความเสี่ยง / แบม,เม.ย.,75,60,อยู่ระหว่างดำเนินการ,,,แบม,2026-04-25
M_2.2.5,2.,2.2,2.2.5,ทบทวนการจัดทำการเชื่อมโยง KPI กับผลการดำเนินงานด้านการบริหารความเสี่ยงของแต่ละสายงาน,งานบริหารความเสี่ยง / แบม,พ.ค.,100,80,อยู่ระหว่างดำเนินการ,,,แบม,2026-05-25
M_2.2.5,2.,2.2,2.2.5,ทบทวนการจัดทำการเชื่อมโยง KPI กับผลการดำเนินงานด้านการบริหารความเสี่ยงของแต่ละสายงาน,งานบริหารความเสี่ยง / แบม,มิ.ย.,100,100,เสร็จสิ้น,ดำเนินการ ทบทวนการจัดทำการเชื่ (ถึง มิ.ย.),,แบม,2026-06-25
M_2.2.5,2.,2.2,2.2.5,ทบทวนการจัดทำการเชื่อมโยง KPI กับผลการดำเนินงานด้านการบริหารความเสี่ยงของแต่ละสายงาน,งานบริหารความเสี่ยง / แบม,ก.ค.,100,,,,,แบม,2026-07-25
M_2.2.5,2.,2.2,2.2.5,ทบทวนการจัดทำการเชื่อมโยง KPI กับผลการดำเนินงานด้านการบริหารความเสี่ยงของแต่ละสายงาน,งานบริหารความเสี่ยง / แบม,ส.ค.,100,,,,,แบม,2026-08-25
M_2.2.5,2.,2.2,2.2.5,ทบทวนการจัดทำการเชื่อมโยง KPI กับผลการดำเนินงานด้านการบริหารความเสี่ยงของแต่ละสายงาน,งานบริหารความเสี่ยง / แบม,ก.ย.,100,,,,,แบม,2026-09-25
M_2.2.5,2.,2.2,2.2.5,ทบทวนการจัดทำการเชื่อมโยง KPI กับผลการดำเนินงานด้านการบริหารความเสี่ยงของแต่ละสายงาน,งานบริหารความเสี่ยง / แบม,ต.ค.,100,,,,,แบม,2026-10-25
M_2.2.5,2.,2.2,2.2.5,ทบทวนการจัดทำการเชื่อมโยง KPI กับผลการดำเนินงานด้านการบริหารความเสี่ยงของแต่ละสายงาน,งานบริหารความเสี่ยง / แบม,พ.ย.,100,,,,,แบม,2026-11-25
M_2.2.5,2.,2.2,2.2.5,ทบทวนการจัดทำการเชื่อมโยง KPI กับผลการดำเนินงานด้านการบริหารความเสี่ยงของแต่ละสายงาน,งานบริหารความเสี่ยง / แบม,ธ.ค.,100,,,,,แบม,2026-12-25
M_2.2.6,2.,2.2,2.2.6,ดำเนินการตามโครงการ MEA GRC Award เพื่อบูรณาการการบริหารความเสี่ยงกับผลตอบแทน/แรงจูงใจ,เจ้นท์ / แบม,ม.ค.,6,6,อยู่ระหว่างดำเนินการ,,,แบม,2026-01-25
M_2.2.6,2.,2.2,2.2.6,ดำเนินการตามโครงการ MEA GRC Award เพื่อบูรณาการการบริหารความเสี่ยงกับผลตอบแทน/แรงจูงใจ,เจ้นท์ / แบม,ก.พ.,12,6,อยู่ระหว่างดำเนินการ,,,แบม,2026-02-25
M_2.2.6,2.,2.2,2.2.6,ดำเนินการตามโครงการ MEA GRC Award เพื่อบูรณาการการบริหารความเสี่ยงกับผลตอบแทน/แรงจูงใจ,เจ้นท์ / แบม,มี.ค.,24,6,อยู่ระหว่างดำเนินการ,,,แบม,2026-03-25
M_2.2.6,2.,2.2,2.2.6,ดำเนินการตามโครงการ MEA GRC Award เพื่อบูรณาการการบริหารความเสี่ยงกับผลตอบแทน/แรงจูงใจ,เจ้นท์ / แบม,เม.ย.,35,20,อยู่ระหว่างดำเนินการ,,,แบม,2026-04-25
M_2.2.6,2.,2.2,2.2.6,ดำเนินการตามโครงการ MEA GRC Award เพื่อบูรณาการการบริหารความเสี่ยงกับผลตอบแทน/แรงจูงใจ,เจ้นท์ / แบม,พ.ค.,41,38,อยู่ระหว่างดำเนินการ,,,แบม,2026-05-25
M_2.2.6,2.,2.2,2.2.6,ดำเนินการตามโครงการ MEA GRC Award เพื่อบูรณาการการบริหารความเสี่ยงกับผลตอบแทน/แรงจูงใจ,เจ้นท์ / แบม,มิ.ย.,47,51,อยู่ระหว่างดำเนินการ,ดำเนินการ ดำเนินการตามโครงการ  (ถึง มิ.ย.),,แบม,2026-06-25
M_2.2.6,2.,2.2,2.2.6,ดำเนินการตามโครงการ MEA GRC Award เพื่อบูรณาการการบริหารความเสี่ยงกับผลตอบแทน/แรงจูงใจ,เจ้นท์ / แบม,ก.ค.,53,,,,,แบม,2026-07-25
M_2.2.6,2.,2.2,2.2.6,ดำเนินการตามโครงการ MEA GRC Award เพื่อบูรณาการการบริหารความเสี่ยงกับผลตอบแทน/แรงจูงใจ,เจ้นท์ / แบม,ส.ค.,59,,,,,แบม,2026-08-25
M_2.2.6,2.,2.2,2.2.6,ดำเนินการตามโครงการ MEA GRC Award เพื่อบูรณาการการบริหารความเสี่ยงกับผลตอบแทน/แรงจูงใจ,เจ้นท์ / แบม,ก.ย.,65,,,,,แบม,2026-09-25
M_2.2.6,2.,2.2,2.2.6,ดำเนินการตามโครงการ MEA GRC Award เพื่อบูรณาการการบริหารความเสี่ยงกับผลตอบแทน/แรงจูงใจ,เจ้นท์ / แบม,ต.ค.,76,,,,,แบม,2026-10-25
M_2.2.6,2.,2.2,2.2.6,ดำเนินการตามโครงการ MEA GRC Award เพื่อบูรณาการการบริหารความเสี่ยงกับผลตอบแทน/แรงจูงใจ,เจ้นท์ / แบม,พ.ย.,88,,,,,แบม,2026-11-25
M_2.2.6,2.,2.2,2.2.6,ดำเนินการตามโครงการ MEA GRC Award เพื่อบูรณาการการบริหารความเสี่ยงกับผลตอบแทน/แรงจูงใจ,เจ้นท์ / แบม,ธ.ค.,100,,,,,แบม,2026-12-25
M_2.3.1,2.,2.3,2.3.1,ทบทวนหลักการกำหนด RA/RT และ RA Statement พร้อมสื่อสารให้แก่ผู้มีส่วนได้ส่วนเสีย,งานบริหารความเสี่ยง / เป็ด,ม.ค.,7,7,อยู่ระหว่างดำเนินการ,,,เป็ด,2026-01-25
M_2.3.1,2.,2.3,2.3.1,ทบทวนหลักการกำหนด RA/RT และ RA Statement พร้อมสื่อสารให้แก่ผู้มีส่วนได้ส่วนเสีย,งานบริหารความเสี่ยง / เป็ด,ก.พ.,13,7,อยู่ระหว่างดำเนินการ,,,เป็ด,2026-02-25
M_2.3.1,2.,2.3,2.3.1,ทบทวนหลักการกำหนด RA/RT และ RA Statement พร้อมสื่อสารให้แก่ผู้มีส่วนได้ส่วนเสีย,งานบริหารความเสี่ยง / เป็ด,มี.ค.,27,31,อยู่ระหว่างดำเนินการ,,,เป็ด,2026-03-25
M_2.3.1,2.,2.3,2.3.1,ทบทวนหลักการกำหนด RA/RT และ RA Statement พร้อมสื่อสารให้แก่ผู้มีส่วนได้ส่วนเสีย,งานบริหารความเสี่ยง / เป็ด,เม.ย.,47,52,อยู่ระหว่างดำเนินการ,,,เป็ด,2026-04-25
M_2.3.1,2.,2.3,2.3.1,ทบทวนหลักการกำหนด RA/RT และ RA Statement พร้อมสื่อสารให้แก่ผู้มีส่วนได้ส่วนเสีย,งานบริหารความเสี่ยง / เป็ด,พ.ค.,67,67,อยู่ระหว่างดำเนินการ,,,เป็ด,2026-05-25
M_2.3.1,2.,2.3,2.3.1,ทบทวนหลักการกำหนด RA/RT และ RA Statement พร้อมสื่อสารให้แก่ผู้มีส่วนได้ส่วนเสีย,งานบริหารความเสี่ยง / เป็ด,มิ.ย.,87,67,อยู่ระหว่างดำเนินการ,ดำเนินการ ทบทวนหลักการกำหนด RA (ถึง มิ.ย.),ล่าช้ากว่าแผน ติดขั้นตอนอนุมัติ,เป็ด,2026-06-25
M_2.3.1,2.,2.3,2.3.1,ทบทวนหลักการกำหนด RA/RT และ RA Statement พร้อมสื่อสารให้แก่ผู้มีส่วนได้ส่วนเสีย,งานบริหารความเสี่ยง / เป็ด,ก.ค.,100,,,,,เป็ด,2026-07-25
M_2.3.1,2.,2.3,2.3.1,ทบทวนหลักการกำหนด RA/RT และ RA Statement พร้อมสื่อสารให้แก่ผู้มีส่วนได้ส่วนเสีย,งานบริหารความเสี่ยง / เป็ด,ส.ค.,100,,,,,เป็ด,2026-08-25
M_2.3.1,2.,2.3,2.3.1,ทบทวนหลักการกำหนด RA/RT และ RA Statement พร้อมสื่อสารให้แก่ผู้มีส่วนได้ส่วนเสีย,งานบริหารความเสี่ยง / เป็ด,ก.ย.,100,,,,,เป็ด,2026-09-25
M_2.3.1,2.,2.3,2.3.1,ทบทวนหลักการกำหนด RA/RT และ RA Statement พร้อมสื่อสารให้แก่ผู้มีส่วนได้ส่วนเสีย,งานบริหารความเสี่ยง / เป็ด,ต.ค.,100,,,,,เป็ด,2026-10-25
M_2.3.1,2.,2.3,2.3.1,ทบทวนหลักการกำหนด RA/RT และ RA Statement พร้อมสื่อสารให้แก่ผู้มีส่วนได้ส่วนเสีย,งานบริหารความเสี่ยง / เป็ด,พ.ย.,100,,,,,เป็ด,2026-11-25
M_2.3.1,2.,2.3,2.3.1,ทบทวนหลักการกำหนด RA/RT และ RA Statement พร้อมสื่อสารให้แก่ผู้มีส่วนได้ส่วนเสีย,งานบริหารความเสี่ยง / เป็ด,ธ.ค.,100,,,,,เป็ด,2026-12-25
M_2.3.2,2.,2.3,2.3.2,ระบุ Emerging Risk เป็นข้อมูลนำเข้าในการวิเคราะห์สภาพแวดล้อม,งานบริหารความเสี่ยง / เป็ด,ม.ค.,7,7,อยู่ระหว่างดำเนินการ,,,เป็ด,2026-01-25
M_2.3.2,2.,2.3,2.3.2,ระบุ Emerging Risk เป็นข้อมูลนำเข้าในการวิเคราะห์สภาพแวดล้อม,งานบริหารความเสี่ยง / เป็ด,ก.พ.,20,14,อยู่ระหว่างดำเนินการ,,,เป็ด,2026-02-25
M_2.3.2,2.,2.3,2.3.2,ระบุ Emerging Risk เป็นข้อมูลนำเข้าในการวิเคราะห์สภาพแวดล้อม,งานบริหารความเสี่ยง / เป็ด,มี.ค.,40,25,อยู่ระหว่างดำเนินการ,,,เป็ด,2026-03-25
M_2.3.2,2.,2.3,2.3.2,ระบุ Emerging Risk เป็นข้อมูลนำเข้าในการวิเคราะห์สภาพแวดล้อม,งานบริหารความเสี่ยง / เป็ด,เม.ย.,47,52,อยู่ระหว่างดำเนินการ,,,เป็ด,2026-04-25
M_2.3.2,2.,2.3,2.3.2,ระบุ Emerging Risk เป็นข้อมูลนำเข้าในการวิเคราะห์สภาพแวดล้อม,งานบริหารความเสี่ยง / เป็ด,พ.ค.,53,52,อยู่ระหว่างดำเนินการ,,,เป็ด,2026-05-25
M_2.3.2,2.,2.3,2.3.2,ระบุ Emerging Risk เป็นข้อมูลนำเข้าในการวิเคราะห์สภาพแวดล้อม,งานบริหารความเสี่ยง / เป็ด,มิ.ย.,60,57,อยู่ระหว่างดำเนินการ,ดำเนินการ ระบุ Emerging Risk เ (ถึง มิ.ย.),,เป็ด,2026-06-25
M_2.3.2,2.,2.3,2.3.2,ระบุ Emerging Risk เป็นข้อมูลนำเข้าในการวิเคราะห์สภาพแวดล้อม,งานบริหารความเสี่ยง / เป็ด,ก.ค.,67,,,,,เป็ด,2026-07-25
M_2.3.2,2.,2.3,2.3.2,ระบุ Emerging Risk เป็นข้อมูลนำเข้าในการวิเคราะห์สภาพแวดล้อม,งานบริหารความเสี่ยง / เป็ด,ส.ค.,73,,,,,เป็ด,2026-08-25
M_2.3.2,2.,2.3,2.3.2,ระบุ Emerging Risk เป็นข้อมูลนำเข้าในการวิเคราะห์สภาพแวดล้อม,งานบริหารความเสี่ยง / เป็ด,ก.ย.,80,,,,,เป็ด,2026-09-25
M_2.3.2,2.,2.3,2.3.2,ระบุ Emerging Risk เป็นข้อมูลนำเข้าในการวิเคราะห์สภาพแวดล้อม,งานบริหารความเสี่ยง / เป็ด,ต.ค.,87,,,,,เป็ด,2026-10-25
M_2.3.2,2.,2.3,2.3.2,ระบุ Emerging Risk เป็นข้อมูลนำเข้าในการวิเคราะห์สภาพแวดล้อม,งานบริหารความเสี่ยง / เป็ด,พ.ย.,93,,,,,เป็ด,2026-11-25
M_2.3.2,2.,2.3,2.3.2,ระบุ Emerging Risk เป็นข้อมูลนำเข้าในการวิเคราะห์สภาพแวดล้อม,งานบริหารความเสี่ยง / เป็ด,ธ.ค.,100,,,,,เป็ด,2026-12-25
M_2.3.3,2.,2.3,2.3.3,ระบุ Intelligent Risk ที่อาจส่งผลต่อบรรลุเป้าหมายในแต่ละตำแหน่งเชิงยุทธศาสตร์ขององค์กร,งานบริหารความเสี่ยง / เป็ด,เม.ย.,25,22,อยู่ระหว่างดำเนินการ,,,เป็ด,2026-04-25
M_2.3.3,2.,2.3,2.3.3,ระบุ Intelligent Risk ที่อาจส่งผลต่อบรรลุเป้าหมายในแต่ละตำแหน่งเชิงยุทธศาสตร์ขององค์กร,งานบริหารความเสี่ยง / เป็ด,พ.ค.,50,30,อยู่ระหว่างดำเนินการ,,,เป็ด,2026-05-25
M_2.3.3,2.,2.3,2.3.3,ระบุ Intelligent Risk ที่อาจส่งผลต่อบรรลุเป้าหมายในแต่ละตำแหน่งเชิงยุทธศาสตร์ขององค์กร,งานบริหารความเสี่ยง / เป็ด,มิ.ย.,75,75,อยู่ระหว่างดำเนินการ,ดำเนินการ ระบุ Intelligent Ris (ถึง มิ.ย.),,เป็ด,2026-06-25
M_2.3.3,2.,2.3,2.3.3,ระบุ Intelligent Risk ที่อาจส่งผลต่อบรรลุเป้าหมายในแต่ละตำแหน่งเชิงยุทธศาสตร์ขององค์กร,งานบริหารความเสี่ยง / เป็ด,ก.ค.,100,,,,,เป็ด,2026-07-25
M_2.3.3,2.,2.3,2.3.3,ระบุ Intelligent Risk ที่อาจส่งผลต่อบรรลุเป้าหมายในแต่ละตำแหน่งเชิงยุทธศาสตร์ขององค์กร,งานบริหารความเสี่ยง / เป็ด,ส.ค.,100,,,,,เป็ด,2026-08-25
M_2.3.3,2.,2.3,2.3.3,ระบุ Intelligent Risk ที่อาจส่งผลต่อบรรลุเป้าหมายในแต่ละตำแหน่งเชิงยุทธศาสตร์ขององค์กร,งานบริหารความเสี่ยง / เป็ด,ก.ย.,100,,,,,เป็ด,2026-09-25
M_2.3.3,2.,2.3,2.3.3,ระบุ Intelligent Risk ที่อาจส่งผลต่อบรรลุเป้าหมายในแต่ละตำแหน่งเชิงยุทธศาสตร์ขององค์กร,งานบริหารความเสี่ยง / เป็ด,ต.ค.,100,,,,,เป็ด,2026-10-25
M_2.3.3,2.,2.3,2.3.3,ระบุ Intelligent Risk ที่อาจส่งผลต่อบรรลุเป้าหมายในแต่ละตำแหน่งเชิงยุทธศาสตร์ขององค์กร,งานบริหารความเสี่ยง / เป็ด,พ.ย.,100,,,,,เป็ด,2026-11-25
M_2.3.3,2.,2.3,2.3.3,ระบุ Intelligent Risk ที่อาจส่งผลต่อบรรลุเป้าหมายในแต่ละตำแหน่งเชิงยุทธศาสตร์ขององค์กร,งานบริหารความเสี่ยง / เป็ด,ธ.ค.,100,,,,,เป็ด,2026-12-25
M_2.3.4,2.,2.3,2.3.4,ระบุและวิเคราะห์ความเสี่ยงที่อาจส่งผลต่อการบรรลุวัตถุประสงค์เชิงยุทธศาสตร์ (SO),งานบริหารความเสี่ยง / เป็ด,เม.ย.,25,30,อยู่ระหว่างดำเนินการ,,,เป็ด,2026-04-25
M_2.3.4,2.,2.3,2.3.4,ระบุและวิเคราะห์ความเสี่ยงที่อาจส่งผลต่อการบรรลุวัตถุประสงค์เชิงยุทธศาสตร์ (SO),งานบริหารความเสี่ยง / เป็ด,พ.ค.,50,30,อยู่ระหว่างดำเนินการ,,,เป็ด,2026-05-25
M_2.3.4,2.,2.3,2.3.4,ระบุและวิเคราะห์ความเสี่ยงที่อาจส่งผลต่อการบรรลุวัตถุประสงค์เชิงยุทธศาสตร์ (SO),งานบริหารความเสี่ยง / เป็ด,มิ.ย.,75,72,อยู่ระหว่างดำเนินการ,ดำเนินการ ระบุและวิเคราะห์ความ (ถึง มิ.ย.),,เป็ด,2026-06-25
M_2.3.4,2.,2.3,2.3.4,ระบุและวิเคราะห์ความเสี่ยงที่อาจส่งผลต่อการบรรลุวัตถุประสงค์เชิงยุทธศาสตร์ (SO),งานบริหารความเสี่ยง / เป็ด,ก.ค.,100,,,,,เป็ด,2026-07-25
M_2.3.4,2.,2.3,2.3.4,ระบุและวิเคราะห์ความเสี่ยงที่อาจส่งผลต่อการบรรลุวัตถุประสงค์เชิงยุทธศาสตร์ (SO),งานบริหารความเสี่ยง / เป็ด,ส.ค.,100,,,,,เป็ด,2026-08-25
M_2.3.4,2.,2.3,2.3.4,ระบุและวิเคราะห์ความเสี่ยงที่อาจส่งผลต่อการบรรลุวัตถุประสงค์เชิงยุทธศาสตร์ (SO),งานบริหารความเสี่ยง / เป็ด,ก.ย.,100,,,,,เป็ด,2026-09-25
M_2.3.4,2.,2.3,2.3.4,ระบุและวิเคราะห์ความเสี่ยงที่อาจส่งผลต่อการบรรลุวัตถุประสงค์เชิงยุทธศาสตร์ (SO),งานบริหารความเสี่ยง / เป็ด,ต.ค.,100,,,,,เป็ด,2026-10-25
M_2.3.4,2.,2.3,2.3.4,ระบุและวิเคราะห์ความเสี่ยงที่อาจส่งผลต่อการบรรลุวัตถุประสงค์เชิงยุทธศาสตร์ (SO),งานบริหารความเสี่ยง / เป็ด,พ.ย.,100,,,,,เป็ด,2026-11-25
M_2.3.4,2.,2.3,2.3.4,ระบุและวิเคราะห์ความเสี่ยงที่อาจส่งผลต่อการบรรลุวัตถุประสงค์เชิงยุทธศาสตร์ (SO),งานบริหารความเสี่ยง / เป็ด,ธ.ค.,100,,,,,เป็ด,2026-12-25
M_2.3.5,2.,2.3,2.3.5,ทบทวนแบบฟอร์มและเกณฑ์การประเมินความเสี่ยงและ ประสิทธิผลของการควบคุมของแผน AP และแผนแม่บทที่เกี่ยวข้อง,งานบริหารความเสี่ยง / เป็ด,พ.ค.,33,18,อยู่ระหว่างดำเนินการ,,,เป็ด,2026-05-25
M_2.3.5,2.,2.3,2.3.5,ทบทวนแบบฟอร์มและเกณฑ์การประเมินความเสี่ยงและ ประสิทธิผลของการควบคุมของแผน AP และแผนแม่บทที่เกี่ยวข้อง,งานบริหารความเสี่ยง / เป็ด,มิ.ย.,67,72,อยู่ระหว่างดำเนินการ,ดำเนินการ ทบทวนแบบฟอร์มและเกณฑ (ถึง มิ.ย.),,เป็ด,2026-06-25
M_2.3.5,2.,2.3,2.3.5,ทบทวนแบบฟอร์มและเกณฑ์การประเมินความเสี่ยงและ ประสิทธิผลของการควบคุมของแผน AP และแผนแม่บทที่เกี่ยวข้อง,งานบริหารความเสี่ยง / เป็ด,ก.ค.,100,,,,,เป็ด,2026-07-25
M_2.3.5,2.,2.3,2.3.5,ทบทวนแบบฟอร์มและเกณฑ์การประเมินความเสี่ยงและ ประสิทธิผลของการควบคุมของแผน AP และแผนแม่บทที่เกี่ยวข้อง,งานบริหารความเสี่ยง / เป็ด,ส.ค.,100,,,,,เป็ด,2026-08-25
M_2.3.5,2.,2.3,2.3.5,ทบทวนแบบฟอร์มและเกณฑ์การประเมินความเสี่ยงและ ประสิทธิผลของการควบคุมของแผน AP และแผนแม่บทที่เกี่ยวข้อง,งานบริหารความเสี่ยง / เป็ด,ก.ย.,100,,,,,เป็ด,2026-09-25
M_2.3.5,2.,2.3,2.3.5,ทบทวนแบบฟอร์มและเกณฑ์การประเมินความเสี่ยงและ ประสิทธิผลของการควบคุมของแผน AP และแผนแม่บทที่เกี่ยวข้อง,งานบริหารความเสี่ยง / เป็ด,ต.ค.,100,,,,,เป็ด,2026-10-25
M_2.3.5,2.,2.3,2.3.5,ทบทวนแบบฟอร์มและเกณฑ์การประเมินความเสี่ยงและ ประสิทธิผลของการควบคุมของแผน AP และแผนแม่บทที่เกี่ยวข้อง,งานบริหารความเสี่ยง / เป็ด,พ.ย.,100,,,,,เป็ด,2026-11-25
M_2.3.5,2.,2.3,2.3.5,ทบทวนแบบฟอร์มและเกณฑ์การประเมินความเสี่ยงและ ประสิทธิผลของการควบคุมของแผน AP และแผนแม่บทที่เกี่ยวข้อง,งานบริหารความเสี่ยง / เป็ด,ธ.ค.,100,,,,,เป็ด,2026-12-25
M_2.3.6,2.,2.3,2.3.6,สื่อสารแบบฟอร์มการประเมินความเสี่ยง และหลักเกณฑ์การประเมินความเพียงพอของการควบคุมภายใน,งานบริหารความเสี่ยง / เป็ด,มิ.ย.,50,47,อยู่ระหว่างดำเนินการ,ดำเนินการ สื่อสารแบบฟอร์มการปร (ถึง มิ.ย.),,เป็ด,2026-06-25
M_2.3.6,2.,2.3,2.3.6,สื่อสารแบบฟอร์มการประเมินความเสี่ยง และหลักเกณฑ์การประเมินความเพียงพอของการควบคุมภายใน,งานบริหารความเสี่ยง / เป็ด,ก.ค.,100,,,,,เป็ด,2026-07-25
M_2.3.6,2.,2.3,2.3.6,สื่อสารแบบฟอร์มการประเมินความเสี่ยง และหลักเกณฑ์การประเมินความเพียงพอของการควบคุมภายใน,งานบริหารความเสี่ยง / เป็ด,ส.ค.,100,,,,,เป็ด,2026-08-25
M_2.3.6,2.,2.3,2.3.6,สื่อสารแบบฟอร์มการประเมินความเสี่ยง และหลักเกณฑ์การประเมินความเพียงพอของการควบคุมภายใน,งานบริหารความเสี่ยง / เป็ด,ก.ย.,100,,,,,เป็ด,2026-09-25
M_2.3.6,2.,2.3,2.3.6,สื่อสารแบบฟอร์มการประเมินความเสี่ยง และหลักเกณฑ์การประเมินความเพียงพอของการควบคุมภายใน,งานบริหารความเสี่ยง / เป็ด,ต.ค.,100,,,,,เป็ด,2026-10-25
M_2.3.6,2.,2.3,2.3.6,สื่อสารแบบฟอร์มการประเมินความเสี่ยง และหลักเกณฑ์การประเมินความเพียงพอของการควบคุมภายใน,งานบริหารความเสี่ยง / เป็ด,พ.ย.,100,,,,,เป็ด,2026-11-25
M_2.3.6,2.,2.3,2.3.6,สื่อสารแบบฟอร์มการประเมินความเสี่ยง และหลักเกณฑ์การประเมินความเพียงพอของการควบคุมภายใน,งานบริหารความเสี่ยง / เป็ด,ธ.ค.,100,,,,,เป็ด,2026-12-25
M_2.3.7,2.,2.3,2.3.7,ติดตามการวิเคราะห์ ระบุ และประเมินความเสี่ยงของแผนปฏิบัติการ และแผนแม่บทที่เกี่ยวข้อง พร้อมกำหนดมาตรการจัดการความเสี่ยง,งานบริหารความเสี่ยง / เป็ด,มิ.ย.,40,25,อยู่ระหว่างดำเนินการ,ดำเนินการ ติดตามการวิเคราะห์ ร (ถึง มิ.ย.),ล่าช้ากว่าแผน ติดขั้นตอนอนุมัติ,เป็ด,2026-06-25
M_2.3.7,2.,2.3,2.3.7,ติดตามการวิเคราะห์ ระบุ และประเมินความเสี่ยงของแผนปฏิบัติการ และแผนแม่บทที่เกี่ยวข้อง พร้อมกำหนดมาตรการจัดการความเสี่ยง,งานบริหารความเสี่ยง / เป็ด,ก.ค.,60,,,,,เป็ด,2026-07-25
M_2.3.7,2.,2.3,2.3.7,ติดตามการวิเคราะห์ ระบุ และประเมินความเสี่ยงของแผนปฏิบัติการ และแผนแม่บทที่เกี่ยวข้อง พร้อมกำหนดมาตรการจัดการความเสี่ยง,งานบริหารความเสี่ยง / เป็ด,ส.ค.,80,,,,,เป็ด,2026-08-25
M_2.3.7,2.,2.3,2.3.7,ติดตามการวิเคราะห์ ระบุ และประเมินความเสี่ยงของแผนปฏิบัติการ และแผนแม่บทที่เกี่ยวข้อง พร้อมกำหนดมาตรการจัดการความเสี่ยง,งานบริหารความเสี่ยง / เป็ด,ก.ย.,100,,,,,เป็ด,2026-09-25
M_2.3.7,2.,2.3,2.3.7,ติดตามการวิเคราะห์ ระบุ และประเมินความเสี่ยงของแผนปฏิบัติการ และแผนแม่บทที่เกี่ยวข้อง พร้อมกำหนดมาตรการจัดการความเสี่ยง,งานบริหารความเสี่ยง / เป็ด,ต.ค.,100,,,,,เป็ด,2026-10-25
M_2.3.7,2.,2.3,2.3.7,ติดตามการวิเคราะห์ ระบุ และประเมินความเสี่ยงของแผนปฏิบัติการ และแผนแม่บทที่เกี่ยวข้อง พร้อมกำหนดมาตรการจัดการความเสี่ยง,งานบริหารความเสี่ยง / เป็ด,พ.ย.,100,,,,,เป็ด,2026-11-25
M_2.3.7,2.,2.3,2.3.7,ติดตามการวิเคราะห์ ระบุ และประเมินความเสี่ยงของแผนปฏิบัติการ และแผนแม่บทที่เกี่ยวข้อง พร้อมกำหนดมาตรการจัดการความเสี่ยง,งานบริหารความเสี่ยง / เป็ด,ธ.ค.,100,,,,,เป็ด,2026-12-25
M_2.4.1,2.,2.4,2.4.1,รวบรวม/วิเคราะห์ข้อมูลความเสี่ยง การควบคุม และนำเข้าใน Risk Inventory พร้อมทบทวนเกณฑ์ประเมินการควบคุม,งานบริหารความเสี่ยง,ม.ค.,5,2,อยู่ระหว่างดำเนินการ,,,งานบริหารความเสี่ยง,2026-01-25
M_2.4.1,2.,2.4,2.4.1,รวบรวม/วิเคราะห์ข้อมูลความเสี่ยง การควบคุม และนำเข้าใน Risk Inventory พร้อมทบทวนเกณฑ์ประเมินการควบคุม,งานบริหารความเสี่ยง,ก.พ.,10,14,อยู่ระหว่างดำเนินการ,,,งานบริหารความเสี่ยง,2026-02-25
M_2.4.1,2.,2.4,2.4.1,รวบรวม/วิเคราะห์ข้อมูลความเสี่ยง การควบคุม และนำเข้าใน Risk Inventory พร้อมทบทวนเกณฑ์ประเมินการควบคุม,งานบริหารความเสี่ยง,มี.ค.,16,14,อยู่ระหว่างดำเนินการ,,,งานบริหารความเสี่ยง,2026-03-25
M_2.4.1,2.,2.4,2.4.1,รวบรวม/วิเคราะห์ข้อมูลความเสี่ยง การควบคุม และนำเข้าใน Risk Inventory พร้อมทบทวนเกณฑ์ประเมินการควบคุม,งานบริหารความเสี่ยง,เม.ย.,21,15,อยู่ระหว่างดำเนินการ,,,งานบริหารความเสี่ยง,2026-04-25
M_2.4.1,2.,2.4,2.4.1,รวบรวม/วิเคราะห์ข้อมูลความเสี่ยง การควบคุม และนำเข้าใน Risk Inventory พร้อมทบทวนเกณฑ์ประเมินการควบคุม,งานบริหารความเสี่ยง,พ.ค.,32,37,อยู่ระหว่างดำเนินการ,,,งานบริหารความเสี่ยง,2026-05-25
M_2.4.1,2.,2.4,2.4.1,รวบรวม/วิเคราะห์ข้อมูลความเสี่ยง การควบคุม และนำเข้าใน Risk Inventory พร้อมทบทวนเกณฑ์ประเมินการควบคุม,งานบริหารความเสี่ยง,มิ.ย.,47,47,อยู่ระหว่างดำเนินการ,ดำเนินการ รวบรวม/วิเคราะห์ข้อม (ถึง มิ.ย.),,งานบริหารความเสี่ยง,2026-06-25
M_2.4.1,2.,2.4,2.4.1,รวบรวม/วิเคราะห์ข้อมูลความเสี่ยง การควบคุม และนำเข้าใน Risk Inventory พร้อมทบทวนเกณฑ์ประเมินการควบคุม,งานบริหารความเสี่ยง,ก.ค.,63,,,,,งานบริหารความเสี่ยง,2026-07-25
M_2.4.1,2.,2.4,2.4.1,รวบรวม/วิเคราะห์ข้อมูลความเสี่ยง การควบคุม และนำเข้าใน Risk Inventory พร้อมทบทวนเกณฑ์ประเมินการควบคุม,งานบริหารความเสี่ยง,ส.ค.,68,,,,,งานบริหารความเสี่ยง,2026-08-25
M_2.4.1,2.,2.4,2.4.1,รวบรวม/วิเคราะห์ข้อมูลความเสี่ยง การควบคุม และนำเข้าใน Risk Inventory พร้อมทบทวนเกณฑ์ประเมินการควบคุม,งานบริหารความเสี่ยง,ก.ย.,74,,,,,งานบริหารความเสี่ยง,2026-09-25
M_2.4.1,2.,2.4,2.4.1,รวบรวม/วิเคราะห์ข้อมูลความเสี่ยง การควบคุม และนำเข้าใน Risk Inventory พร้อมทบทวนเกณฑ์ประเมินการควบคุม,งานบริหารความเสี่ยง,ต.ค.,79,,,,,งานบริหารความเสี่ยง,2026-10-25
M_2.4.1,2.,2.4,2.4.1,รวบรวม/วิเคราะห์ข้อมูลความเสี่ยง การควบคุม และนำเข้าใน Risk Inventory พร้อมทบทวนเกณฑ์ประเมินการควบคุม,งานบริหารความเสี่ยง,พ.ย.,90,,,,,งานบริหารความเสี่ยง,2026-11-25
M_2.4.1,2.,2.4,2.4.1,รวบรวม/วิเคราะห์ข้อมูลความเสี่ยง การควบคุม และนำเข้าใน Risk Inventory พร้อมทบทวนเกณฑ์ประเมินการควบคุม,งานบริหารความเสี่ยง,ธ.ค.,100,,,,,งานบริหารความเสี่ยง,2026-12-25
M_2.4.2,2.,2.4,2.4.2,คัดเลือกปัจจัยเสี่ยงระดับองค์กร พร้อมวิเคราะห์ Leading / Lagging Indicator ของแต่ละความเสี่ยง,งานบริหารความเสี่ยง,มิ.ย.,33,38,อยู่ระหว่างดำเนินการ,ดำเนินการ คัดเลือกปัจจัยเสี่ยง (ถึง มิ.ย.),,งานบริหารความเสี่ยง,2026-06-25
M_2.4.2,2.,2.4,2.4.2,คัดเลือกปัจจัยเสี่ยงระดับองค์กร พร้อมวิเคราะห์ Leading / Lagging Indicator ของแต่ละความเสี่ยง,งานบริหารความเสี่ยง,ก.ค.,67,,,,,งานบริหารความเสี่ยง,2026-07-25
M_2.4.2,2.,2.4,2.4.2,คัดเลือกปัจจัยเสี่ยงระดับองค์กร พร้อมวิเคราะห์ Leading / Lagging Indicator ของแต่ละความเสี่ยง,งานบริหารความเสี่ยง,ส.ค.,100,,,,,งานบริหารความเสี่ยง,2026-08-25
M_2.4.2,2.,2.4,2.4.2,คัดเลือกปัจจัยเสี่ยงระดับองค์กร พร้อมวิเคราะห์ Leading / Lagging Indicator ของแต่ละความเสี่ยง,งานบริหารความเสี่ยง,ก.ย.,100,,,,,งานบริหารความเสี่ยง,2026-09-25
M_2.4.2,2.,2.4,2.4.2,คัดเลือกปัจจัยเสี่ยงระดับองค์กร พร้อมวิเคราะห์ Leading / Lagging Indicator ของแต่ละความเสี่ยง,งานบริหารความเสี่ยง,ต.ค.,100,,,,,งานบริหารความเสี่ยง,2026-10-25
M_2.4.2,2.,2.4,2.4.2,คัดเลือกปัจจัยเสี่ยงระดับองค์กร พร้อมวิเคราะห์ Leading / Lagging Indicator ของแต่ละความเสี่ยง,งานบริหารความเสี่ยง,พ.ย.,100,,,,,งานบริหารความเสี่ยง,2026-11-25
M_2.4.2,2.,2.4,2.4.2,คัดเลือกปัจจัยเสี่ยงระดับองค์กร พร้อมวิเคราะห์ Leading / Lagging Indicator ของแต่ละความเสี่ยง,งานบริหารความเสี่ยง,ธ.ค.,100,,,,,งานบริหารความเสี่ยง,2026-12-25
M_2.4.3,2.,2.4,2.4.3,จัดให้มีการประเมินความเสี่ยง และสื่อสารความเสี่ยงต่อผู้รับผิดชอบ,งานบริหารความเสี่ยง,ก.ค.,20,,,,,งานบริหารความเสี่ยง,2026-07-25
M_2.4.3,2.,2.4,2.4.3,จัดให้มีการประเมินความเสี่ยง และสื่อสารความเสี่ยงต่อผู้รับผิดชอบ,งานบริหารความเสี่ยง,ส.ค.,40,,,,,งานบริหารความเสี่ยง,2026-08-25
M_2.4.3,2.,2.4,2.4.3,จัดให้มีการประเมินความเสี่ยง และสื่อสารความเสี่ยงต่อผู้รับผิดชอบ,งานบริหารความเสี่ยง,ก.ย.,80,,,,,งานบริหารความเสี่ยง,2026-09-25
M_2.4.3,2.,2.4,2.4.3,จัดให้มีการประเมินความเสี่ยง และสื่อสารความเสี่ยงต่อผู้รับผิดชอบ,งานบริหารความเสี่ยง,ต.ค.,100,,,,,งานบริหารความเสี่ยง,2026-10-25
M_2.4.3,2.,2.4,2.4.3,จัดให้มีการประเมินความเสี่ยง และสื่อสารความเสี่ยงต่อผู้รับผิดชอบ,งานบริหารความเสี่ยง,พ.ย.,100,,,,,งานบริหารความเสี่ยง,2026-11-25
M_2.4.3,2.,2.4,2.4.3,จัดให้มีการประเมินความเสี่ยง และสื่อสารความเสี่ยงต่อผู้รับผิดชอบ,งานบริหารความเสี่ยง,ธ.ค.,100,,,,,งานบริหารความเสี่ยง,2026-12-25
M_2.4.4,2.,2.4,2.4.4,พิจารณาและคัดเลือกวิธีการจัดการความเสี่ยง พร้อมทั้ง วิเคราะห์และจัดทำ Risk Correlation Map/Portfolio View of Risk,งานบริหารความเสี่ยง,ส.ค.,14,,,,,งานบริหารความเสี่ยง,2026-08-25
M_2.4.4,2.,2.4,2.4.4,พิจารณาและคัดเลือกวิธีการจัดการความเสี่ยง พร้อมทั้ง วิเคราะห์และจัดทำ Risk Correlation Map/Portfolio View of Risk,งานบริหารความเสี่ยง,ก.ย.,43,,,,,งานบริหารความเสี่ยง,2026-09-25
M_2.4.4,2.,2.4,2.4.4,พิจารณาและคัดเลือกวิธีการจัดการความเสี่ยง พร้อมทั้ง วิเคราะห์และจัดทำ Risk Correlation Map/Portfolio View of Risk,งานบริหารความเสี่ยง,ต.ค.,71,,,,,งานบริหารความเสี่ยง,2026-10-25
M_2.4.4,2.,2.4,2.4.4,พิจารณาและคัดเลือกวิธีการจัดการความเสี่ยง พร้อมทั้ง วิเคราะห์และจัดทำ Risk Correlation Map/Portfolio View of Risk,งานบริหารความเสี่ยง,พ.ย.,100,,,,,งานบริหารความเสี่ยง,2026-11-25
M_2.4.4,2.,2.4,2.4.4,พิจารณาและคัดเลือกวิธีการจัดการความเสี่ยง พร้อมทั้ง วิเคราะห์และจัดทำ Risk Correlation Map/Portfolio View of Risk,งานบริหารความเสี่ยง,ธ.ค.,100,,,,,งานบริหารความเสี่ยง,2026-12-25
M_2.4.5,2.,2.4,2.4.5,จัดทำแผนบริหารความเสี่ยง และทบทวนแผนบริหารความเสี่ยงของปีถัดไป,งานบริหารความเสี่ยง,ส.ค.,25,,,,,งานบริหารความเสี่ยง,2026-08-25
M_2.4.5,2.,2.4,2.4.5,จัดทำแผนบริหารความเสี่ยง และทบทวนแผนบริหารความเสี่ยงของปีถัดไป,งานบริหารความเสี่ยง,ก.ย.,50,,,,,งานบริหารความเสี่ยง,2026-09-25
M_2.4.5,2.,2.4,2.4.5,จัดทำแผนบริหารความเสี่ยง และทบทวนแผนบริหารความเสี่ยงของปีถัดไป,งานบริหารความเสี่ยง,ต.ค.,75,,,,,งานบริหารความเสี่ยง,2026-10-25
M_2.4.5,2.,2.4,2.4.5,จัดทำแผนบริหารความเสี่ยง และทบทวนแผนบริหารความเสี่ยงของปีถัดไป,งานบริหารความเสี่ยง,พ.ย.,100,,,,,งานบริหารความเสี่ยง,2026-11-25
M_2.4.5,2.,2.4,2.4.5,จัดทำแผนบริหารความเสี่ยง และทบทวนแผนบริหารความเสี่ยงของปีถัดไป,งานบริหารความเสี่ยง,ธ.ค.,100,,,,,งานบริหารความเสี่ยง,2026-12-25
M_2.4.6,2.,2.4,2.4.6,ติดตามและรายงานผลการบริหารความเสี่ยงและการควบคุมของความเสี่ยงปีปัจจุบัน,งานบริหารความเสี่ยง,ม.ค.,7,12,อยู่ระหว่างดำเนินการ,,,งานบริหารความเสี่ยง,2026-01-25
M_2.4.6,2.,2.4,2.4.6,ติดตามและรายงานผลการบริหารความเสี่ยงและการควบคุมของความเสี่ยงปีปัจจุบัน,งานบริหารความเสี่ยง,ก.พ.,14,12,อยู่ระหว่างดำเนินการ,,,งานบริหารความเสี่ยง,2026-02-25
M_2.4.6,2.,2.4,2.4.6,ติดตามและรายงานผลการบริหารความเสี่ยงและการควบคุมของความเสี่ยงปีปัจจุบัน,งานบริหารความเสี่ยง,มี.ค.,21,15,อยู่ระหว่างดำเนินการ,,,งานบริหารความเสี่ยง,2026-03-25
M_2.4.6,2.,2.4,2.4.6,ติดตามและรายงานผลการบริหารความเสี่ยงและการควบคุมของความเสี่ยงปีปัจจุบัน,งานบริหารความเสี่ยง,เม.ย.,32,32,อยู่ระหว่างดำเนินการ,,,งานบริหารความเสี่ยง,2026-04-25
M_2.4.6,2.,2.4,2.4.6,ติดตามและรายงานผลการบริหารความเสี่ยงและการควบคุมของความเสี่ยงปีปัจจุบัน,งานบริหารความเสี่ยง,พ.ค.,39,32,อยู่ระหว่างดำเนินการ,,,งานบริหารความเสี่ยง,2026-05-25
M_2.4.6,2.,2.4,2.4.6,ติดตามและรายงานผลการบริหารความเสี่ยงและการควบคุมของความเสี่ยงปีปัจจุบัน,งานบริหารความเสี่ยง,มิ.ย.,46,51,อยู่ระหว่างดำเนินการ,ดำเนินการ ติดตามและรายงานผลการ (ถึง มิ.ย.),,งานบริหารความเสี่ยง,2026-06-25
M_2.4.6,2.,2.4,2.4.6,ติดตามและรายงานผลการบริหารความเสี่ยงและการควบคุมของความเสี่ยงปีปัจจุบัน,งานบริหารความเสี่ยง,ก.ค.,57,,,,,งานบริหารความเสี่ยง,2026-07-25
M_2.4.6,2.,2.4,2.4.6,ติดตามและรายงานผลการบริหารความเสี่ยงและการควบคุมของความเสี่ยงปีปัจจุบัน,งานบริหารความเสี่ยง,ส.ค.,64,,,,,งานบริหารความเสี่ยง,2026-08-25
M_2.4.6,2.,2.4,2.4.6,ติดตามและรายงานผลการบริหารความเสี่ยงและการควบคุมของความเสี่ยงปีปัจจุบัน,งานบริหารความเสี่ยง,ก.ย.,71,,,,,งานบริหารความเสี่ยง,2026-09-25
M_2.4.6,2.,2.4,2.4.6,ติดตามและรายงานผลการบริหารความเสี่ยงและการควบคุมของความเสี่ยงปีปัจจุบัน,งานบริหารความเสี่ยง,ต.ค.,82,,,,,งานบริหารความเสี่ยง,2026-10-25
M_2.4.6,2.,2.4,2.4.6,ติดตามและรายงานผลการบริหารความเสี่ยงและการควบคุมของความเสี่ยงปีปัจจุบัน,งานบริหารความเสี่ยง,พ.ย.,89,,,,,งานบริหารความเสี่ยง,2026-11-25
M_2.4.6,2.,2.4,2.4.6,ติดตามและรายงานผลการบริหารความเสี่ยงและการควบคุมของความเสี่ยงปีปัจจุบัน,งานบริหารความเสี่ยง,ธ.ค.,100,,,,,งานบริหารความเสี่ยง,2026-12-25
M_2.4.7,2.,2.4,2.4.7,พัฒนาระบบเทคโนโลยีดิจิทัลเพื่อสนับสนุนกระบวนการบริหารความเสี่ยง และระบบเตือนภัยล่วงหน้า,งานบริหารความเสี่ยง,ม.ค.,8,0,ยังไม่ดำเนินการ,,,งานบริหารความเสี่ยง,2026-01-25
M_2.4.7,2.,2.4,2.4.7,พัฒนาระบบเทคโนโลยีดิจิทัลเพื่อสนับสนุนกระบวนการบริหารความเสี่ยง และระบบเตือนภัยล่วงหน้า,งานบริหารความเสี่ยง,ก.พ.,17,2,อยู่ระหว่างดำเนินการ,,,งานบริหารความเสี่ยง,2026-02-25
M_2.4.7,2.,2.4,2.4.7,พัฒนาระบบเทคโนโลยีดิจิทัลเพื่อสนับสนุนกระบวนการบริหารความเสี่ยง และระบบเตือนภัยล่วงหน้า,งานบริหารความเสี่ยง,มี.ค.,25,25,อยู่ระหว่างดำเนินการ,,,งานบริหารความเสี่ยง,2026-03-25
M_2.4.7,2.,2.4,2.4.7,พัฒนาระบบเทคโนโลยีดิจิทัลเพื่อสนับสนุนกระบวนการบริหารความเสี่ยง และระบบเตือนภัยล่วงหน้า,งานบริหารความเสี่ยง,เม.ย.,33,38,อยู่ระหว่างดำเนินการ,,,งานบริหารความเสี่ยง,2026-04-25
M_2.4.7,2.,2.4,2.4.7,พัฒนาระบบเทคโนโลยีดิจิทัลเพื่อสนับสนุนกระบวนการบริหารความเสี่ยง และระบบเตือนภัยล่วงหน้า,งานบริหารความเสี่ยง,พ.ค.,42,39,อยู่ระหว่างดำเนินการ,,,งานบริหารความเสี่ยง,2026-05-25
M_2.4.7,2.,2.4,2.4.7,พัฒนาระบบเทคโนโลยีดิจิทัลเพื่อสนับสนุนกระบวนการบริหารความเสี่ยง และระบบเตือนภัยล่วงหน้า,งานบริหารความเสี่ยง,มิ.ย.,50,54,อยู่ระหว่างดำเนินการ,ดำเนินการ พัฒนาระบบเทคโนโลยีดิ (ถึง มิ.ย.),,งานบริหารความเสี่ยง,2026-06-25
M_2.4.7,2.,2.4,2.4.7,พัฒนาระบบเทคโนโลยีดิจิทัลเพื่อสนับสนุนกระบวนการบริหารความเสี่ยง และระบบเตือนภัยล่วงหน้า,งานบริหารความเสี่ยง,ก.ค.,58,,,,,งานบริหารความเสี่ยง,2026-07-25
M_2.4.7,2.,2.4,2.4.7,พัฒนาระบบเทคโนโลยีดิจิทัลเพื่อสนับสนุนกระบวนการบริหารความเสี่ยง และระบบเตือนภัยล่วงหน้า,งานบริหารความเสี่ยง,ส.ค.,67,,,,,งานบริหารความเสี่ยง,2026-08-25
M_2.4.7,2.,2.4,2.4.7,พัฒนาระบบเทคโนโลยีดิจิทัลเพื่อสนับสนุนกระบวนการบริหารความเสี่ยง และระบบเตือนภัยล่วงหน้า,งานบริหารความเสี่ยง,ก.ย.,75,,,,,งานบริหารความเสี่ยง,2026-09-25
M_2.4.7,2.,2.4,2.4.7,พัฒนาระบบเทคโนโลยีดิจิทัลเพื่อสนับสนุนกระบวนการบริหารความเสี่ยง และระบบเตือนภัยล่วงหน้า,งานบริหารความเสี่ยง,ต.ค.,83,,,,,งานบริหารความเสี่ยง,2026-10-25
M_2.4.7,2.,2.4,2.4.7,พัฒนาระบบเทคโนโลยีดิจิทัลเพื่อสนับสนุนกระบวนการบริหารความเสี่ยง และระบบเตือนภัยล่วงหน้า,งานบริหารความเสี่ยง,พ.ย.,92,,,,,งานบริหารความเสี่ยง,2026-11-25
M_2.4.7,2.,2.4,2.4.7,พัฒนาระบบเทคโนโลยีดิจิทัลเพื่อสนับสนุนกระบวนการบริหารความเสี่ยง และระบบเตือนภัยล่วงหน้า,งานบริหารความเสี่ยง,ธ.ค.,100,,,,,งานบริหารความเสี่ยง,2026-12-25
M_2.4.8,2.,2.4,2.4.8,ทบทวน ประเมินประสิทธิผล และปรับปรุงกระบวนการบริหารความเสี่ยง,งานบริหารความเสี่ยง,ต.ค.,43,,,,,งานบริหารความเสี่ยง,2026-10-25
M_2.4.8,2.,2.4,2.4.8,ทบทวน ประเมินประสิทธิผล และปรับปรุงกระบวนการบริหารความเสี่ยง,งานบริหารความเสี่ยง,พ.ย.,86,,,,,งานบริหารความเสี่ยง,2026-11-25
M_2.4.8,2.,2.4,2.4.8,ทบทวน ประเมินประสิทธิผล และปรับปรุงกระบวนการบริหารความเสี่ยง,งานบริหารความเสี่ยง,ธ.ค.,100,,,,,งานบริหารความเสี่ยง,2026-12-25
M_2.5.1,2.,2.5,2.5.1,วิเคราะห์ผลกระทบทางธุรกิจ ประเมินความเสี่ยง ทบทวนกลยุทธ์ และ BCP,งานบริหารความเสี่ยง,ม.ค.,7,11,อยู่ระหว่างดำเนินการ,,,งานบริหารความเสี่ยง,2026-01-25
M_2.5.1,2.,2.5,2.5.1,วิเคราะห์ผลกระทบทางธุรกิจ ประเมินความเสี่ยง ทบทวนกลยุทธ์ และ BCP,งานบริหารความเสี่ยง,ก.พ.,13,18,อยู่ระหว่างดำเนินการ,,,งานบริหารความเสี่ยง,2026-02-25
M_2.5.1,2.,2.5,2.5.1,วิเคราะห์ผลกระทบทางธุรกิจ ประเมินความเสี่ยง ทบทวนกลยุทธ์ และ BCP,งานบริหารความเสี่ยง,มี.ค.,27,27,อยู่ระหว่างดำเนินการ,,,งานบริหารความเสี่ยง,2026-03-25
M_2.5.1,2.,2.5,2.5.1,วิเคราะห์ผลกระทบทางธุรกิจ ประเมินความเสี่ยง ทบทวนกลยุทธ์ และ BCP,งานบริหารความเสี่ยง,เม.ย.,33,27,อยู่ระหว่างดำเนินการ,,,งานบริหารความเสี่ยง,2026-04-25
M_2.5.1,2.,2.5,2.5.1,วิเคราะห์ผลกระทบทางธุรกิจ ประเมินความเสี่ยง ทบทวนกลยุทธ์ และ BCP,งานบริหารความเสี่ยง,พ.ค.,47,44,อยู่ระหว่างดำเนินการ,,,งานบริหารความเสี่ยง,2026-05-25
M_2.5.1,2.,2.5,2.5.1,วิเคราะห์ผลกระทบทางธุรกิจ ประเมินความเสี่ยง ทบทวนกลยุทธ์ และ BCP,งานบริหารความเสี่ยง,มิ.ย.,53,50,อยู่ระหว่างดำเนินการ,ดำเนินการ วิเคราะห์ผลกระทบทางธ (ถึง มิ.ย.),,งานบริหารความเสี่ยง,2026-06-25
M_2.5.1,2.,2.5,2.5.1,วิเคราะห์ผลกระทบทางธุรกิจ ประเมินความเสี่ยง ทบทวนกลยุทธ์ และ BCP,งานบริหารความเสี่ยง,ก.ค.,67,,,,,งานบริหารความเสี่ยง,2026-07-25
M_2.5.1,2.,2.5,2.5.1,วิเคราะห์ผลกระทบทางธุรกิจ ประเมินความเสี่ยง ทบทวนกลยุทธ์ และ BCP,งานบริหารความเสี่ยง,ส.ค.,73,,,,,งานบริหารความเสี่ยง,2026-08-25
M_2.5.1,2.,2.5,2.5.1,วิเคราะห์ผลกระทบทางธุรกิจ ประเมินความเสี่ยง ทบทวนกลยุทธ์ และ BCP,งานบริหารความเสี่ยง,ก.ย.,80,,,,,งานบริหารความเสี่ยง,2026-09-25
M_2.5.1,2.,2.5,2.5.1,วิเคราะห์ผลกระทบทางธุรกิจ ประเมินความเสี่ยง ทบทวนกลยุทธ์ และ BCP,งานบริหารความเสี่ยง,ต.ค.,87,,,,,งานบริหารความเสี่ยง,2026-10-25
M_2.5.1,2.,2.5,2.5.1,วิเคราะห์ผลกระทบทางธุรกิจ ประเมินความเสี่ยง ทบทวนกลยุทธ์ และ BCP,งานบริหารความเสี่ยง,พ.ย.,93,,,,,งานบริหารความเสี่ยง,2026-11-25
M_2.5.1,2.,2.5,2.5.1,วิเคราะห์ผลกระทบทางธุรกิจ ประเมินความเสี่ยง ทบทวนกลยุทธ์ และ BCP,งานบริหารความเสี่ยง,ธ.ค.,100,,,,,งานบริหารความเสี่ยง,2026-12-25
M_2.5.2,2.,2.5,2.5.2,ติดตามและเข้าร่วมฝึกซ้อม BCP ของหน่วยงาน,งานบริหารความเสี่ยง,มี.ค.,5,2,อยู่ระหว่างดำเนินการ,,,งานบริหารความเสี่ยง,2026-03-25
M_2.5.2,2.,2.5,2.5.2,ติดตามและเข้าร่วมฝึกซ้อม BCP ของหน่วยงาน,งานบริหารความเสี่ยง,เม.ย.,20,17,อยู่ระหว่างดำเนินการ,,,งานบริหารความเสี่ยง,2026-04-25
M_2.5.2,2.,2.5,2.5.2,ติดตามและเข้าร่วมฝึกซ้อม BCP ของหน่วยงาน,งานบริหารความเสี่ยง,พ.ค.,30,30,อยู่ระหว่างดำเนินการ,,,งานบริหารความเสี่ยง,2026-05-25
M_2.5.2,2.,2.5,2.5.2,ติดตามและเข้าร่วมฝึกซ้อม BCP ของหน่วยงาน,งานบริหารความเสี่ยง,มิ.ย.,40,30,อยู่ระหว่างดำเนินการ,ดำเนินการ ติดตามและเข้าร่วมฝึก (ถึง มิ.ย.),,งานบริหารความเสี่ยง,2026-06-25
M_2.5.2,2.,2.5,2.5.2,ติดตามและเข้าร่วมฝึกซ้อม BCP ของหน่วยงาน,งานบริหารความเสี่ยง,ก.ค.,50,,,,,งานบริหารความเสี่ยง,2026-07-25
M_2.5.2,2.,2.5,2.5.2,ติดตามและเข้าร่วมฝึกซ้อม BCP ของหน่วยงาน,งานบริหารความเสี่ยง,ส.ค.,60,,,,,งานบริหารความเสี่ยง,2026-08-25
M_2.5.2,2.,2.5,2.5.2,ติดตามและเข้าร่วมฝึกซ้อม BCP ของหน่วยงาน,งานบริหารความเสี่ยง,ก.ย.,70,,,,,งานบริหารความเสี่ยง,2026-09-25
M_2.5.2,2.,2.5,2.5.2,ติดตามและเข้าร่วมฝึกซ้อม BCP ของหน่วยงาน,งานบริหารความเสี่ยง,ต.ค.,80,,,,,งานบริหารความเสี่ยง,2026-10-25
M_2.5.2,2.,2.5,2.5.2,ติดตามและเข้าร่วมฝึกซ้อม BCP ของหน่วยงาน,งานบริหารความเสี่ยง,พ.ย.,90,,,,,งานบริหารความเสี่ยง,2026-11-25
M_2.5.2,2.,2.5,2.5.2,ติดตามและเข้าร่วมฝึกซ้อม BCP ของหน่วยงาน,งานบริหารความเสี่ยง,ธ.ค.,100,,,,,งานบริหารความเสี่ยง,2026-12-25
M_2.5.3,2.,2.5,2.5.3,ฝึกซ้อมสถานการณ์ใหญ่,งานบริหารความเสี่ยง,มี.ค.,17,14,อยู่ระหว่างดำเนินการ,,,งานบริหารความเสี่ยง,2026-03-25
M_2.5.3,2.,2.5,2.5.3,ฝึกซ้อมสถานการณ์ใหญ่,งานบริหารความเสี่ยง,เม.ย.,33,33,อยู่ระหว่างดำเนินการ,,,งานบริหารความเสี่ยง,2026-04-25
M_2.5.3,2.,2.5,2.5.3,ฝึกซ้อมสถานการณ์ใหญ่,งานบริหารความเสี่ยง,พ.ค.,42,36,อยู่ระหว่างดำเนินการ,,,งานบริหารความเสี่ยง,2026-05-25
M_2.5.3,2.,2.5,2.5.3,ฝึกซ้อมสถานการณ์ใหญ่,งานบริหารความเสี่ยง,มิ.ย.,50,50,อยู่ระหว่างดำเนินการ,ดำเนินการ ฝึกซ้อมสถานการณ์ใหญ่ (ถึง มิ.ย.),,งานบริหารความเสี่ยง,2026-06-25
M_2.5.3,2.,2.5,2.5.3,ฝึกซ้อมสถานการณ์ใหญ่,งานบริหารความเสี่ยง,ก.ค.,58,,,,,งานบริหารความเสี่ยง,2026-07-25
M_2.5.3,2.,2.5,2.5.3,ฝึกซ้อมสถานการณ์ใหญ่,งานบริหารความเสี่ยง,ส.ค.,67,,,,,งานบริหารความเสี่ยง,2026-08-25
M_2.5.3,2.,2.5,2.5.3,ฝึกซ้อมสถานการณ์ใหญ่,งานบริหารความเสี่ยง,ก.ย.,75,,,,,งานบริหารความเสี่ยง,2026-09-25
M_2.5.3,2.,2.5,2.5.3,ฝึกซ้อมสถานการณ์ใหญ่,งานบริหารความเสี่ยง,ต.ค.,83,,,,,งานบริหารความเสี่ยง,2026-10-25
M_2.5.3,2.,2.5,2.5.3,ฝึกซ้อมสถานการณ์ใหญ่,งานบริหารความเสี่ยง,พ.ย.,92,,,,,งานบริหารความเสี่ยง,2026-11-25
M_2.5.3,2.,2.5,2.5.3,ฝึกซ้อมสถานการณ์ใหญ่,งานบริหารความเสี่ยง,ธ.ค.,100,,,,,งานบริหารความเสี่ยง,2026-12-25
M_2.5.4,2.,2.5,2.5.4,สร้างความตระหนักและสื่อสารข้อมูลเกี่ยวกับการบริหารความต่อเนื่องทางธุรกิจ,งานบริหารความเสี่ยง,ม.ค.,3,0,ยังไม่ดำเนินการ,,,งานบริหารความเสี่ยง,2026-01-25
M_2.5.4,2.,2.5,2.5.4,สร้างความตระหนักและสื่อสารข้อมูลเกี่ยวกับการบริหารความต่อเนื่องทางธุรกิจ,งานบริหารความเสี่ยง,ก.พ.,13,0,ยังไม่ดำเนินการ,,,งานบริหารความเสี่ยง,2026-02-25
M_2.5.4,2.,2.5,2.5.4,สร้างความตระหนักและสื่อสารข้อมูลเกี่ยวกับการบริหารความต่อเนื่องทางธุรกิจ,งานบริหารความเสี่ยง,มี.ค.,23,28,อยู่ระหว่างดำเนินการ,,,งานบริหารความเสี่ยง,2026-03-25
M_2.5.4,2.,2.5,2.5.4,สร้างความตระหนักและสื่อสารข้อมูลเกี่ยวกับการบริหารความต่อเนื่องทางธุรกิจ,งานบริหารความเสี่ยง,เม.ย.,32,32,อยู่ระหว่างดำเนินการ,,,งานบริหารความเสี่ยง,2026-04-25
M_2.5.4,2.,2.5,2.5.4,สร้างความตระหนักและสื่อสารข้อมูลเกี่ยวกับการบริหารความต่อเนื่องทางธุรกิจ,งานบริหารความเสี่ยง,พ.ค.,42,46,อยู่ระหว่างดำเนินการ,,,งานบริหารความเสี่ยง,2026-05-25
M_2.5.4,2.,2.5,2.5.4,สร้างความตระหนักและสื่อสารข้อมูลเกี่ยวกับการบริหารความต่อเนื่องทางธุรกิจ,งานบริหารความเสี่ยง,มิ.ย.,52,52,อยู่ระหว่างดำเนินการ,ดำเนินการ สร้างความตระหนักและส (ถึง มิ.ย.),,งานบริหารความเสี่ยง,2026-06-25
M_2.5.4,2.,2.5,2.5.4,สร้างความตระหนักและสื่อสารข้อมูลเกี่ยวกับการบริหารความต่อเนื่องทางธุรกิจ,งานบริหารความเสี่ยง,ก.ค.,61,,,,,งานบริหารความเสี่ยง,2026-07-25
M_2.5.4,2.,2.5,2.5.4,สร้างความตระหนักและสื่อสารข้อมูลเกี่ยวกับการบริหารความต่อเนื่องทางธุรกิจ,งานบริหารความเสี่ยง,ส.ค.,71,,,,,งานบริหารความเสี่ยง,2026-08-25
M_2.5.4,2.,2.5,2.5.4,สร้างความตระหนักและสื่อสารข้อมูลเกี่ยวกับการบริหารความต่อเนื่องทางธุรกิจ,งานบริหารความเสี่ยง,ก.ย.,81,,,,,งานบริหารความเสี่ยง,2026-09-25
M_2.5.4,2.,2.5,2.5.4,สร้างความตระหนักและสื่อสารข้อมูลเกี่ยวกับการบริหารความต่อเนื่องทางธุรกิจ,งานบริหารความเสี่ยง,ต.ค.,90,,,,,งานบริหารความเสี่ยง,2026-10-25
M_2.5.4,2.,2.5,2.5.4,สร้างความตระหนักและสื่อสารข้อมูลเกี่ยวกับการบริหารความต่อเนื่องทางธุรกิจ,งานบริหารความเสี่ยง,พ.ย.,100,,,,,งานบริหารความเสี่ยง,2026-11-25
M_2.5.4,2.,2.5,2.5.4,สร้างความตระหนักและสื่อสารข้อมูลเกี่ยวกับการบริหารความต่อเนื่องทางธุรกิจ,งานบริหารความเสี่ยง,ธ.ค.,100,,,,,งานบริหารความเสี่ยง,2026-12-25
M_2.5.5,2.,2.5,2.5.5,ตรวจประเมินภายใน/ภายนอก พร้อมทบทวนและปรับปรุงการบริหารความต่อเนื่องทางธุรกิจและความพร้อมใช้ของระบบ,งานบริหารความเสี่ยง,ต.ค.,50,,,,,งานบริหารความเสี่ยง,2026-10-25
M_2.5.5,2.,2.5,2.5.5,ตรวจประเมินภายใน/ภายนอก พร้อมทบทวนและปรับปรุงการบริหารความต่อเนื่องทางธุรกิจและความพร้อมใช้ของระบบ,งานบริหารความเสี่ยง,พ.ย.,80,,,,,งานบริหารความเสี่ยง,2026-11-25
M_2.5.5,2.,2.5,2.5.5,ตรวจประเมินภายใน/ภายนอก พร้อมทบทวนและปรับปรุงการบริหารความต่อเนื่องทางธุรกิจและความพร้อมใช้ของระบบ,งานบริหารความเสี่ยง,ธ.ค.,100,,,,,งานบริหารความเสี่ยง,2026-12-25
P_3.1,3.,3.1,3.1,ปรับปรุงฐานข้อมูลที่ใช้ในการวิเคราะห์และติดตามการดำเนินงานแบบบูรณาการในกระบวนการทำงานที่สำคัญ,,ม.ค.,8,8,อยู่ระหว่างดำเนินการ,,,-,2026-01-25
P_3.1,3.,3.1,3.1,ปรับปรุงฐานข้อมูลที่ใช้ในการวิเคราะห์และติดตามการดำเนินงานแบบบูรณาการในกระบวนการทำงานที่สำคัญ,,ก.พ.,17,17,อยู่ระหว่างดำเนินการ,,,-,2026-02-25
P_3.1,3.,3.1,3.1,ปรับปรุงฐานข้อมูลที่ใช้ในการวิเคราะห์และติดตามการดำเนินงานแบบบูรณาการในกระบวนการทำงานที่สำคัญ,,มี.ค.,25,30,อยู่ระหว่างดำเนินการ,,,-,2026-03-25
P_3.1,3.,3.1,3.1,ปรับปรุงฐานข้อมูลที่ใช้ในการวิเคราะห์และติดตามการดำเนินงานแบบบูรณาการในกระบวนการทำงานที่สำคัญ,,เม.ย.,33,33,อยู่ระหว่างดำเนินการ,,,-,2026-04-25
P_3.1,3.,3.1,3.1,ปรับปรุงฐานข้อมูลที่ใช้ในการวิเคราะห์และติดตามการดำเนินงานแบบบูรณาการในกระบวนการทำงานที่สำคัญ,,พ.ค.,42,46,อยู่ระหว่างดำเนินการ,,,-,2026-05-25
P_3.1,3.,3.1,3.1,ปรับปรุงฐานข้อมูลที่ใช้ในการวิเคราะห์และติดตามการดำเนินงานแบบบูรณาการในกระบวนการทำงานที่สำคัญ,,มิ.ย.,50,50,อยู่ระหว่างดำเนินการ,ดำเนินการ ปรับปรุงฐานข้อมูลที่ (ถึง มิ.ย.),,-,2026-06-25
P_3.1,3.,3.1,3.1,ปรับปรุงฐานข้อมูลที่ใช้ในการวิเคราะห์และติดตามการดำเนินงานแบบบูรณาการในกระบวนการทำงานที่สำคัญ,,ก.ค.,58,,,,,-,2026-07-25
P_3.1,3.,3.1,3.1,ปรับปรุงฐานข้อมูลที่ใช้ในการวิเคราะห์และติดตามการดำเนินงานแบบบูรณาการในกระบวนการทำงานที่สำคัญ,,ส.ค.,67,,,,,-,2026-08-25
P_3.1,3.,3.1,3.1,ปรับปรุงฐานข้อมูลที่ใช้ในการวิเคราะห์และติดตามการดำเนินงานแบบบูรณาการในกระบวนการทำงานที่สำคัญ,,ก.ย.,75,,,,,-,2026-09-25
P_3.1,3.,3.1,3.1,ปรับปรุงฐานข้อมูลที่ใช้ในการวิเคราะห์และติดตามการดำเนินงานแบบบูรณาการในกระบวนการทำงานที่สำคัญ,,ต.ค.,83,,,,,-,2026-10-25
P_3.1,3.,3.1,3.1,ปรับปรุงฐานข้อมูลที่ใช้ในการวิเคราะห์และติดตามการดำเนินงานแบบบูรณาการในกระบวนการทำงานที่สำคัญ,,พ.ย.,92,,,,,-,2026-11-25
P_3.1,3.,3.1,3.1,ปรับปรุงฐานข้อมูลที่ใช้ในการวิเคราะห์และติดตามการดำเนินงานแบบบูรณาการในกระบวนการทำงานที่สำคัญ,,ธ.ค.,100,,,,,-,2026-12-25
P_3.2,3.,3.2,3.2,ใช้งานระบบ GRC เพื่อสนับสนุนการทำงานให้ลดความซับซ้อน ลดระยะเวลา และมีความถูกต้องแม่นยำ,,ม.ค.,8,8,อยู่ระหว่างดำเนินการ,,,-,2026-01-25
P_3.2,3.,3.2,3.2,ใช้งานระบบ GRC เพื่อสนับสนุนการทำงานให้ลดความซับซ้อน ลดระยะเวลา และมีความถูกต้องแม่นยำ,,ก.พ.,17,11,อยู่ระหว่างดำเนินการ,,,-,2026-02-25
P_3.2,3.,3.2,3.2,ใช้งานระบบ GRC เพื่อสนับสนุนการทำงานให้ลดความซับซ้อน ลดระยะเวลา และมีความถูกต้องแม่นยำ,,มี.ค.,25,22,อยู่ระหว่างดำเนินการ,,,-,2026-03-25
P_3.2,3.,3.2,3.2,ใช้งานระบบ GRC เพื่อสนับสนุนการทำงานให้ลดความซับซ้อน ลดระยะเวลา และมีความถูกต้องแม่นยำ,,เม.ย.,33,38,อยู่ระหว่างดำเนินการ,,,-,2026-04-25
P_3.2,3.,3.2,3.2,ใช้งานระบบ GRC เพื่อสนับสนุนการทำงานให้ลดความซับซ้อน ลดระยะเวลา และมีความถูกต้องแม่นยำ,,พ.ค.,42,38,อยู่ระหว่างดำเนินการ,,,-,2026-05-25
P_3.2,3.,3.2,3.2,ใช้งานระบบ GRC เพื่อสนับสนุนการทำงานให้ลดความซับซ้อน ลดระยะเวลา และมีความถูกต้องแม่นยำ,,มิ.ย.,50,54,อยู่ระหว่างดำเนินการ,ดำเนินการ ใช้งานระบบ GRC เพื่อ (ถึง มิ.ย.),,-,2026-06-25
P_3.2,3.,3.2,3.2,ใช้งานระบบ GRC เพื่อสนับสนุนการทำงานให้ลดความซับซ้อน ลดระยะเวลา และมีความถูกต้องแม่นยำ,,ก.ค.,58,,,,,-,2026-07-25
P_3.2,3.,3.2,3.2,ใช้งานระบบ GRC เพื่อสนับสนุนการทำงานให้ลดความซับซ้อน ลดระยะเวลา และมีความถูกต้องแม่นยำ,,ส.ค.,67,,,,,-,2026-08-25
P_3.2,3.,3.2,3.2,ใช้งานระบบ GRC เพื่อสนับสนุนการทำงานให้ลดความซับซ้อน ลดระยะเวลา และมีความถูกต้องแม่นยำ,,ก.ย.,75,,,,,-,2026-09-25
P_3.2,3.,3.2,3.2,ใช้งานระบบ GRC เพื่อสนับสนุนการทำงานให้ลดความซับซ้อน ลดระยะเวลา และมีความถูกต้องแม่นยำ,,ต.ค.,83,,,,,-,2026-10-25
P_3.2,3.,3.2,3.2,ใช้งานระบบ GRC เพื่อสนับสนุนการทำงานให้ลดความซับซ้อน ลดระยะเวลา และมีความถูกต้องแม่นยำ,,พ.ย.,92,,,,,-,2026-11-25
P_3.2,3.,3.2,3.2,ใช้งานระบบ GRC เพื่อสนับสนุนการทำงานให้ลดความซับซ้อน ลดระยะเวลา และมีความถูกต้องแม่นยำ,,ธ.ค.,100,,,,,-,2026-12-25
P_3.3,3.,3.3,3.3,ทบทวนการทำ Value Creation และ Value Enhancement ที่เชื่อมโยงกับกระบวนการกำหนดตำแหน่งเชิงยุทธศาสตร์ วัตถุประสงค์เชิงยุทธศาสตร์ แผนยุทธศาสตร์องค์กร และแผนแม่บทอื่นๆ ที่เกี่ยวข้องอย่างต่อเนื่อง,,ม.ค.,8,12,อยู่ระหว่างดำเนินการ,,,-,2026-01-25
P_3.3,3.,3.3,3.3,ทบทวนการทำ Value Creation และ Value Enhancement ที่เชื่อมโยงกับกระบวนการกำหนดตำแหน่งเชิงยุทธศาสตร์ วัตถุประสงค์เชิงยุทธศาสตร์ แผนยุทธศาสตร์องค์กร และแผนแม่บทอื่นๆ ที่เกี่ยวข้องอย่างต่อเนื่อง,,ก.พ.,17,12,อยู่ระหว่างดำเนินการ,,,-,2026-02-25
P_3.3,3.,3.3,3.3,ทบทวนการทำ Value Creation และ Value Enhancement ที่เชื่อมโยงกับกระบวนการกำหนดตำแหน่งเชิงยุทธศาสตร์ วัตถุประสงค์เชิงยุทธศาสตร์ แผนยุทธศาสตร์องค์กร และแผนแม่บทอื่นๆ ที่เกี่ยวข้องอย่างต่อเนื่อง,,มี.ค.,25,25,อยู่ระหว่างดำเนินการ,,,-,2026-03-25
P_3.3,3.,3.3,3.3,ทบทวนการทำ Value Creation และ Value Enhancement ที่เชื่อมโยงกับกระบวนการกำหนดตำแหน่งเชิงยุทธศาสตร์ วัตถุประสงค์เชิงยุทธศาสตร์ แผนยุทธศาสตร์องค์กร และแผนแม่บทอื่นๆ ที่เกี่ยวข้องอย่างต่อเนื่อง,,เม.ย.,33,33,อยู่ระหว่างดำเนินการ,,,-,2026-04-25
P_3.3,3.,3.3,3.3,ทบทวนการทำ Value Creation และ Value Enhancement ที่เชื่อมโยงกับกระบวนการกำหนดตำแหน่งเชิงยุทธศาสตร์ วัตถุประสงค์เชิงยุทธศาสตร์ แผนยุทธศาสตร์องค์กร และแผนแม่บทอื่นๆ ที่เกี่ยวข้องอย่างต่อเนื่อง,,พ.ค.,42,33,อยู่ระหว่างดำเนินการ,,,-,2026-05-25
P_3.3,3.,3.3,3.3,ทบทวนการทำ Value Creation และ Value Enhancement ที่เชื่อมโยงกับกระบวนการกำหนดตำแหน่งเชิงยุทธศาสตร์ วัตถุประสงค์เชิงยุทธศาสตร์ แผนยุทธศาสตร์องค์กร และแผนแม่บทอื่นๆ ที่เกี่ยวข้องอย่างต่อเนื่อง,,มิ.ย.,50,33,อยู่ระหว่างดำเนินการ,ดำเนินการ ทบทวนการทำ Value Cre (ถึง มิ.ย.),ล่าช้ากว่าแผน ติดขั้นตอนอนุมัติ,-,2026-06-25
P_3.3,3.,3.3,3.3,ทบทวนการทำ Value Creation และ Value Enhancement ที่เชื่อมโยงกับกระบวนการกำหนดตำแหน่งเชิงยุทธศาสตร์ วัตถุประสงค์เชิงยุทธศาสตร์ แผนยุทธศาสตร์องค์กร และแผนแม่บทอื่นๆ ที่เกี่ยวข้องอย่างต่อเนื่อง,,ก.ค.,58,,,,,-,2026-07-25
P_3.3,3.,3.3,3.3,ทบทวนการทำ Value Creation และ Value Enhancement ที่เชื่อมโยงกับกระบวนการกำหนดตำแหน่งเชิงยุทธศาสตร์ วัตถุประสงค์เชิงยุทธศาสตร์ แผนยุทธศาสตร์องค์กร และแผนแม่บทอื่นๆ ที่เกี่ยวข้องอย่างต่อเนื่อง,,ส.ค.,67,,,,,-,2026-08-25
P_3.3,3.,3.3,3.3,ทบทวนการทำ Value Creation และ Value Enhancement ที่เชื่อมโยงกับกระบวนการกำหนดตำแหน่งเชิงยุทธศาสตร์ วัตถุประสงค์เชิงยุทธศาสตร์ แผนยุทธศาสตร์องค์กร และแผนแม่บทอื่นๆ ที่เกี่ยวข้องอย่างต่อเนื่อง,,ก.ย.,75,,,,,-,2026-09-25
P_3.3,3.,3.3,3.3,ทบทวนการทำ Value Creation และ Value Enhancement ที่เชื่อมโยงกับกระบวนการกำหนดตำแหน่งเชิงยุทธศาสตร์ วัตถุประสงค์เชิงยุทธศาสตร์ แผนยุทธศาสตร์องค์กร และแผนแม่บทอื่นๆ ที่เกี่ยวข้องอย่างต่อเนื่อง,,ต.ค.,83,,,,,-,2026-10-25
P_3.3,3.,3.3,3.3,ทบทวนการทำ Value Creation และ Value Enhancement ที่เชื่อมโยงกับกระบวนการกำหนดตำแหน่งเชิงยุทธศาสตร์ วัตถุประสงค์เชิงยุทธศาสตร์ แผนยุทธศาสตร์องค์กร และแผนแม่บทอื่นๆ ที่เกี่ยวข้องอย่างต่อเนื่อง,,พ.ย.,92,,,,,-,2026-11-25
P_3.3,3.,3.3,3.3,ทบทวนการทำ Value Creation และ Value Enhancement ที่เชื่อมโยงกับกระบวนการกำหนดตำแหน่งเชิงยุทธศาสตร์ วัตถุประสงค์เชิงยุทธศาสตร์ แผนยุทธศาสตร์องค์กร และแผนแม่บทอื่นๆ ที่เกี่ยวข้องอย่างต่อเนื่อง,,ธ.ค.,100,,,,,-,2026-12-25
P_3.4,3.,3.4,3.4,กำหนดกระบวนการในการวิเคราะห์ถึงภาพรวมของความเสี่ยง (Portfolio View of Risk),,ม.ค.,8,0,ยังไม่ดำเนินการ,,,-,2026-01-25
P_3.4,3.,3.4,3.4,กำหนดกระบวนการในการวิเคราะห์ถึงภาพรวมของความเสี่ยง (Portfolio View of Risk),,ก.พ.,17,0,ยังไม่ดำเนินการ,,,-,2026-02-25
P_3.4,3.,3.4,3.4,กำหนดกระบวนการในการวิเคราะห์ถึงภาพรวมของความเสี่ยง (Portfolio View of Risk),,มี.ค.,25,10,อยู่ระหว่างดำเนินการ,,,-,2026-03-25
P_3.4,3.,3.4,3.4,กำหนดกระบวนการในการวิเคราะห์ถึงภาพรวมของความเสี่ยง (Portfolio View of Risk),,เม.ย.,33,33,อยู่ระหว่างดำเนินการ,,,-,2026-04-25
P_3.4,3.,3.4,3.4,กำหนดกระบวนการในการวิเคราะห์ถึงภาพรวมของความเสี่ยง (Portfolio View of Risk),,พ.ค.,42,47,อยู่ระหว่างดำเนินการ,,,-,2026-05-25
P_3.4,3.,3.4,3.4,กำหนดกระบวนการในการวิเคราะห์ถึงภาพรวมของความเสี่ยง (Portfolio View of Risk),,มิ.ย.,50,50,อยู่ระหว่างดำเนินการ,ดำเนินการ กำหนดกระบวนการในการว (ถึง มิ.ย.),,-,2026-06-25
P_3.4,3.,3.4,3.4,กำหนดกระบวนการในการวิเคราะห์ถึงภาพรวมของความเสี่ยง (Portfolio View of Risk),,ก.ค.,58,,,,,-,2026-07-25
P_3.4,3.,3.4,3.4,กำหนดกระบวนการในการวิเคราะห์ถึงภาพรวมของความเสี่ยง (Portfolio View of Risk),,ส.ค.,67,,,,,-,2026-08-25
P_3.4,3.,3.4,3.4,กำหนดกระบวนการในการวิเคราะห์ถึงภาพรวมของความเสี่ยง (Portfolio View of Risk),,ก.ย.,75,,,,,-,2026-09-25
P_3.4,3.,3.4,3.4,กำหนดกระบวนการในการวิเคราะห์ถึงภาพรวมของความเสี่ยง (Portfolio View of Risk),,ต.ค.,83,,,,,-,2026-10-25
P_3.4,3.,3.4,3.4,กำหนดกระบวนการในการวิเคราะห์ถึงภาพรวมของความเสี่ยง (Portfolio View of Risk),,พ.ย.,92,,,,,-,2026-11-25
P_3.4,3.,3.4,3.4,กำหนดกระบวนการในการวิเคราะห์ถึงภาพรวมของความเสี่ยง (Portfolio View of Risk),,ธ.ค.,100,,,,,-,2026-12-25
P_3.5,3.,3.5,3.5,พัฒนา Portfolio View of Risk แสดงการจัดทำแบบจำลองที่เหมาะสม/นำแบบจำลองดังกล่าวไปใช้ในการบริหารความเสี่ยงในภาพรวม,,ม.ค.,8,12,อยู่ระหว่างดำเนินการ,,,-,2026-01-25
P_3.5,3.,3.5,3.5,พัฒนา Portfolio View of Risk แสดงการจัดทำแบบจำลองที่เหมาะสม/นำแบบจำลองดังกล่าวไปใช้ในการบริหารความเสี่ยงในภาพรวม,,ก.พ.,17,12,อยู่ระหว่างดำเนินการ,,,-,2026-02-25
P_3.5,3.,3.5,3.5,พัฒนา Portfolio View of Risk แสดงการจัดทำแบบจำลองที่เหมาะสม/นำแบบจำลองดังกล่าวไปใช้ในการบริหารความเสี่ยงในภาพรวม,,มี.ค.,25,12,อยู่ระหว่างดำเนินการ,,,-,2026-03-25
P_3.5,3.,3.5,3.5,พัฒนา Portfolio View of Risk แสดงการจัดทำแบบจำลองที่เหมาะสม/นำแบบจำลองดังกล่าวไปใช้ในการบริหารความเสี่ยงในภาพรวม,,เม.ย.,33,38,อยู่ระหว่างดำเนินการ,,,-,2026-04-25
P_3.5,3.,3.5,3.5,พัฒนา Portfolio View of Risk แสดงการจัดทำแบบจำลองที่เหมาะสม/นำแบบจำลองดังกล่าวไปใช้ในการบริหารความเสี่ยงในภาพรวม,,พ.ค.,42,42,อยู่ระหว่างดำเนินการ,,,-,2026-05-25
P_3.5,3.,3.5,3.5,พัฒนา Portfolio View of Risk แสดงการจัดทำแบบจำลองที่เหมาะสม/นำแบบจำลองดังกล่าวไปใช้ในการบริหารความเสี่ยงในภาพรวม,,มิ.ย.,50,44,อยู่ระหว่างดำเนินการ,ดำเนินการ พัฒนา Portfolio View (ถึง มิ.ย.),,-,2026-06-25
P_3.5,3.,3.5,3.5,พัฒนา Portfolio View of Risk แสดงการจัดทำแบบจำลองที่เหมาะสม/นำแบบจำลองดังกล่าวไปใช้ในการบริหารความเสี่ยงในภาพรวม,,ก.ค.,58,,,,,-,2026-07-25
P_3.5,3.,3.5,3.5,พัฒนา Portfolio View of Risk แสดงการจัดทำแบบจำลองที่เหมาะสม/นำแบบจำลองดังกล่าวไปใช้ในการบริหารความเสี่ยงในภาพรวม,,ส.ค.,67,,,,,-,2026-08-25
P_3.5,3.,3.5,3.5,พัฒนา Portfolio View of Risk แสดงการจัดทำแบบจำลองที่เหมาะสม/นำแบบจำลองดังกล่าวไปใช้ในการบริหารความเสี่ยงในภาพรวม,,ก.ย.,75,,,,,-,2026-09-25
P_3.5,3.,3.5,3.5,พัฒนา Portfolio View of Risk แสดงการจัดทำแบบจำลองที่เหมาะสม/นำแบบจำลองดังกล่าวไปใช้ในการบริหารความเสี่ยงในภาพรวม,,ต.ค.,83,,,,,-,2026-10-25
P_3.5,3.,3.5,3.5,พัฒนา Portfolio View of Risk แสดงการจัดทำแบบจำลองที่เหมาะสม/นำแบบจำลองดังกล่าวไปใช้ในการบริหารความเสี่ยงในภาพรวม,,พ.ย.,92,,,,,-,2026-11-25
P_3.5,3.,3.5,3.5,พัฒนา Portfolio View of Risk แสดงการจัดทำแบบจำลองที่เหมาะสม/นำแบบจำลองดังกล่าวไปใช้ในการบริหารความเสี่ยงในภาพรวม,,ธ.ค.,100,,,,,-,2026-12-25
