รหัสกิจกรรม,แผนหลัก,แผนงานย่อย,กิจกรรมหลัก,ชื่อกิจกรรมย่อย,ผู้รับผิดชอบ,เดือน,percent_จริง,สถานะงาน,รายละเอียดการดำเนินการ,ปัญหาอุปสรรค,ผู้รายงาน,วันที่รายงาน
P_1.1.1,1.,1.1,1.1 การปรับปรุงโครงสร้างการดำเนินงานด้าน GRC เพื่อการดำเนินงานระดับสายงาน,ออกแบบและปรับโครงสร้างคณะทำงาน GRC,,ม.ค.,12,อยู่ระหว่างดำเนินการ,ออกแบบและปรับโครงสร้าง — ม.ค. (12%),,-,2026-01-25
P_1.1.1,1.,1.1,1.1 การปรับปรุงโครงสร้างการดำเนินงานด้าน GRC เพื่อการดำเนินงานระดับสายงาน,ออกแบบและปรับโครงสร้างคณะทำงาน GRC,,ก.พ.,22,อยู่ระหว่างดำเนินการ,ออกแบบและปรับโครงสร้าง — ก.พ. (22%),,-,2026-02-25
P_1.1.1,1.,1.1,1.1 การปรับปรุงโครงสร้างการดำเนินงานด้าน GRC เพื่อการดำเนินงานระดับสายงาน,ออกแบบและปรับโครงสร้างคณะทำงาน GRC,,มี.ค.,22,อยู่ระหว่างดำเนินการ,ออกแบบและปรับโครงสร้าง — มี.ค. (22%),,-,2026-03-25
P_1.1.1,1.,1.1,1.1 การปรับปรุงโครงสร้างการดำเนินงานด้าน GRC เพื่อการดำเนินงานระดับสายงาน,ออกแบบและปรับโครงสร้างคณะทำงาน GRC,,เม.ย.,33,อยู่ระหว่างดำเนินการ,ออกแบบและปรับโครงสร้าง — เม.ย. (33%),,-,2026-04-25
P_1.1.1,1.,1.1,1.1 การปรับปรุงโครงสร้างการดำเนินงานด้าน GRC เพื่อการดำเนินงานระดับสายงาน,ออกแบบและปรับโครงสร้างคณะทำงาน GRC,,พ.ค.,42,อยู่ระหว่างดำเนินการ,ออกแบบและปรับโครงสร้าง — พ.ค. (42%),,-,2026-05-25
P_1.1.1,1.,1.1,1.1 การปรับปรุงโครงสร้างการดำเนินงานด้าน GRC เพื่อการดำเนินงานระดับสายงาน,ออกแบบและปรับโครงสร้างคณะทำงาน GRC,,มิ.ย.,50,อยู่ระหว่างดำเนินการ,ออกแบบและปรับโครงสร้าง — มิ.ย. (50%),,-,2026-06-25
P_1.2.1,1.,1.2,1.2 โครงสร้างหน่วยงานที่ทำหน้าที่รับผิดชอบการกำกับดูแลด้าน IT Risk และ IT Compliance (รวมถึงระบบเทคโนโลยีดิจิทัล และ AI) (2nd line),วางแผนและปรับโครงสร้าง บทบาท หน้าที่,,ม.ค.,12,อยู่ระหว่างดำเนินการ,วางแผนและปรับโครงสร้าง — ม.ค. (12%),,-,2026-01-25
P_1.2.1,1.,1.2,1.2 โครงสร้างหน่วยงานที่ทำหน้าที่รับผิดชอบการกำกับดูแลด้าน IT Risk และ IT Compliance (รวมถึงระบบเทคโนโลยีดิจิทัล และ AI) (2nd line),วางแผนและปรับโครงสร้าง บทบาท หน้าที่,,ก.พ.,17,อยู่ระหว่างดำเนินการ,วางแผนและปรับโครงสร้าง — ก.พ. (17%),,-,2026-02-25
P_1.2.1,1.,1.2,1.2 โครงสร้างหน่วยงานที่ทำหน้าที่รับผิดชอบการกำกับดูแลด้าน IT Risk และ IT Compliance (รวมถึงระบบเทคโนโลยีดิจิทัล และ AI) (2nd line),วางแผนและปรับโครงสร้าง บทบาท หน้าที่,,มี.ค.,19,อยู่ระหว่างดำเนินการ,วางแผนและปรับโครงสร้าง — มี.ค. (19%),,-,2026-03-25
P_1.2.1,1.,1.2,1.2 โครงสร้างหน่วยงานที่ทำหน้าที่รับผิดชอบการกำกับดูแลด้าน IT Risk และ IT Compliance (รวมถึงระบบเทคโนโลยีดิจิทัล และ AI) (2nd line),วางแผนและปรับโครงสร้าง บทบาท หน้าที่,,เม.ย.,33,อยู่ระหว่างดำเนินการ,วางแผนและปรับโครงสร้าง — เม.ย. (33%),,-,2026-04-25
P_1.2.1,1.,1.2,1.2 โครงสร้างหน่วยงานที่ทำหน้าที่รับผิดชอบการกำกับดูแลด้าน IT Risk และ IT Compliance (รวมถึงระบบเทคโนโลยีดิจิทัล และ AI) (2nd line),วางแผนและปรับโครงสร้าง บทบาท หน้าที่,,พ.ค.,42,อยู่ระหว่างดำเนินการ,วางแผนและปรับโครงสร้าง — พ.ค. (42%),,-,2026-05-25
P_1.2.1,1.,1.2,1.2 โครงสร้างหน่วยงานที่ทำหน้าที่รับผิดชอบการกำกับดูแลด้าน IT Risk และ IT Compliance (รวมถึงระบบเทคโนโลยีดิจิทัล และ AI) (2nd line),วางแผนและปรับโครงสร้าง บทบาท หน้าที่,,มิ.ย.,47,อยู่ระหว่างดำเนินการ,วางแผนและปรับโครงสร้าง — มิ.ย. (47%),,-,2026-06-25
P_1.3.1,1.,1.3,1.3 การจัดทำ Risk Taxonomy เพื่อความสอดคล้องในการระบุ และจัดประเภทความเสี่ยง,ออกแบบและพัฒนา Risk Taxonomy,,ม.ค.,5,อยู่ระหว่างดำเนินการ,ออกแบบและพัฒนา Risk Ta — ม.ค. (5%),,-,2026-01-25
P_1.3.1,1.,1.3,1.3 การจัดทำ Risk Taxonomy เพื่อความสอดคล้องในการระบุ และจัดประเภทความเสี่ยง,ออกแบบและพัฒนา Risk Taxonomy,,ก.พ.,17,อยู่ระหว่างดำเนินการ,ออกแบบและพัฒนา Risk Ta — ก.พ. (17%),,-,2026-02-25
P_1.3.1,1.,1.3,1.3 การจัดทำ Risk Taxonomy เพื่อความสอดคล้องในการระบุ และจัดประเภทความเสี่ยง,ออกแบบและพัฒนา Risk Taxonomy,,มี.ค.,19,อยู่ระหว่างดำเนินการ,ออกแบบและพัฒนา Risk Ta — มี.ค. (19%),,-,2026-03-25
P_1.3.1,1.,1.3,1.3 การจัดทำ Risk Taxonomy เพื่อความสอดคล้องในการระบุ และจัดประเภทความเสี่ยง,ออกแบบและพัฒนา Risk Taxonomy,,เม.ย.,33,อยู่ระหว่างดำเนินการ,ออกแบบและพัฒนา Risk Ta — เม.ย. (33%),,-,2026-04-25
P_1.3.1,1.,1.3,1.3 การจัดทำ Risk Taxonomy เพื่อความสอดคล้องในการระบุ และจัดประเภทความเสี่ยง,ออกแบบและพัฒนา Risk Taxonomy,,พ.ค.,39,อยู่ระหว่างดำเนินการ,ออกแบบและพัฒนา Risk Ta — พ.ค. (39%),,-,2026-05-25
P_1.3.1,1.,1.3,1.3 การจัดทำ Risk Taxonomy เพื่อความสอดคล้องในการระบุ และจัดประเภทความเสี่ยง,ออกแบบและพัฒนา Risk Taxonomy,,มิ.ย.,50,อยู่ระหว่างดำเนินการ,ออกแบบและพัฒนา Risk Ta — มิ.ย. (50%),,-,2026-06-25
P_1.4.1,1.,1.4,1.4 การวิเคราะห์ตัวชี้วัดความเสี่ยง (KRI) เพื่อวิเคราะห์แนวโน้ม และคาดการณ์เหตุการณ์ความเสี่ยง,เก็บข้อมูลและวิเคราะห์แนวโน้ม KRI,,เม.ย.,33,อยู่ระหว่างดำเนินการ,เก็บข้อมูลและวิเคราะห์ — เม.ย. (33%),,-,2026-04-25
P_1.4.1,1.,1.4,1.4 การวิเคราะห์ตัวชี้วัดความเสี่ยง (KRI) เพื่อวิเคราะห์แนวโน้ม และคาดการณ์เหตุการณ์ความเสี่ยง,เก็บข้อมูลและวิเคราะห์แนวโน้ม KRI,,พ.ค.,61,อยู่ระหว่างดำเนินการ,เก็บข้อมูลและวิเคราะห์ — พ.ค. (61%),,-,2026-05-25
P_1.4.1,1.,1.4,1.4 การวิเคราะห์ตัวชี้วัดความเสี่ยง (KRI) เพื่อวิเคราะห์แนวโน้ม และคาดการณ์เหตุการณ์ความเสี่ยง,เก็บข้อมูลและวิเคราะห์แนวโน้ม KRI,,มิ.ย.,100,เสร็จสิ้น,เก็บข้อมูลและวิเคราะห์ — มิ.ย. (100%),,-,2026-06-25
P_1.9.1,1.,1.9,1.9 การผลักดันให้มีหน่วยงานกลางกำกับและรวบรวมนโยบาย,รวบรวมนโยบาย/แนวปฏิบัติและออกแบบกระบวนการกำกับดูแล,,ม.ค.,5,อยู่ระหว่างดำเนินการ,รวบรวมนโยบาย/แนวปฏิบัต — ม.ค. (5%),,-,2026-01-25
P_1.9.1,1.,1.9,1.9 การผลักดันให้มีหน่วยงานกลางกำกับและรวบรวมนโยบาย,รวบรวมนโยบาย/แนวปฏิบัติและออกแบบกระบวนการกำกับดูแล,,ก.พ.,17,อยู่ระหว่างดำเนินการ,รวบรวมนโยบาย/แนวปฏิบัต — ก.พ. (17%),,-,2026-02-25
P_1.9.1,1.,1.9,1.9 การผลักดันให้มีหน่วยงานกลางกำกับและรวบรวมนโยบาย,รวบรวมนโยบาย/แนวปฏิบัติและออกแบบกระบวนการกำกับดูแล,,มี.ค.,19,อยู่ระหว่างดำเนินการ,รวบรวมนโยบาย/แนวปฏิบัต — มี.ค. (19%),,-,2026-03-25
P_1.9.1,1.,1.9,1.9 การผลักดันให้มีหน่วยงานกลางกำกับและรวบรวมนโยบาย,รวบรวมนโยบาย/แนวปฏิบัติและออกแบบกระบวนการกำกับดูแล,,เม.ย.,33,อยู่ระหว่างดำเนินการ,รวบรวมนโยบาย/แนวปฏิบัต — เม.ย. (33%),,-,2026-04-25
P_1.9.1,1.,1.9,1.9 การผลักดันให้มีหน่วยงานกลางกำกับและรวบรวมนโยบาย,รวบรวมนโยบาย/แนวปฏิบัติและออกแบบกระบวนการกำกับดูแล,,พ.ค.,47,อยู่ระหว่างดำเนินการ,รวบรวมนโยบาย/แนวปฏิบัต — พ.ค. (47%),,-,2026-05-25
P_1.9.1,1.,1.9,1.9 การผลักดันให้มีหน่วยงานกลางกำกับและรวบรวมนโยบาย,รวบรวมนโยบาย/แนวปฏิบัติและออกแบบกระบวนการกำกับดูแล,,มิ.ย.,47,อยู่ระหว่างดำเนินการ,รวบรวมนโยบาย/แนวปฏิบัต — มิ.ย. (47%),,-,2026-06-25
P_1.10.1,1.,1.10,1.10 การบูรณาการข้อมูลกระบวนงาน,จัดทำข้อมูลกระบวนงานทั้งองค์กร,,เม.ย.,14,อยู่ระหว่างดำเนินการ,จัดทำข้อมูลกระบวนงานทั — เม.ย. (14%),,-,2026-04-25
P_1.10.1,1.,1.10,1.10 การบูรณาการข้อมูลกระบวนงาน,จัดทำข้อมูลกระบวนงานทั้งองค์กร,,พ.ค.,38,อยู่ระหว่างดำเนินการ,จัดทำข้อมูลกระบวนงานทั — พ.ค. (38%),,-,2026-05-25
P_1.10.1,1.,1.10,1.10 การบูรณาการข้อมูลกระบวนงาน,จัดทำข้อมูลกระบวนงานทั้งองค์กร,,มิ.ย.,50,อยู่ระหว่างดำเนินการ,จัดทำข้อมูลกระบวนงานทั — มิ.ย. (50%),,-,2026-06-25
P_1.12.1,1.,1.12,1.12 การจัดทำแนวทาง/เอกสารในการรวบรวมข้อมูลเหตุการณ์ (Incident information),รวบรวมข้อมูลเหตุการณ์ (Incident และ Near-miss) มาวิเคราะห์แนวโน้ม,,ม.ค.,0,ยังไม่ดำเนินการ,รวบรวมข้อมูลเหตุการณ์  — ม.ค. (0%),,-,2026-01-25
P_1.12.1,1.,1.12,1.12 การจัดทำแนวทาง/เอกสารในการรวบรวมข้อมูลเหตุการณ์ (Incident information),รวบรวมข้อมูลเหตุการณ์ (Incident และ Near-miss) มาวิเคราะห์แนวโน้ม,,ก.พ.,22,อยู่ระหว่างดำเนินการ,รวบรวมข้อมูลเหตุการณ์  — ก.พ. (22%),,-,2026-02-25
P_1.12.1,1.,1.12,1.12 การจัดทำแนวทาง/เอกสารในการรวบรวมข้อมูลเหตุการณ์ (Incident information),รวบรวมข้อมูลเหตุการณ์ (Incident และ Near-miss) มาวิเคราะห์แนวโน้ม,,มี.ค.,25,อยู่ระหว่างดำเนินการ,รวบรวมข้อมูลเหตุการณ์  — มี.ค. (25%),,-,2026-03-25
P_1.12.1,1.,1.12,1.12 การจัดทำแนวทาง/เอกสารในการรวบรวมข้อมูลเหตุการณ์ (Incident information),รวบรวมข้อมูลเหตุการณ์ (Incident และ Near-miss) มาวิเคราะห์แนวโน้ม,,เม.ย.,27,อยู่ระหว่างดำเนินการ,รวบรวมข้อมูลเหตุการณ์  — เม.ย. (27%),,-,2026-04-25
P_1.12.1,1.,1.12,1.12 การจัดทำแนวทาง/เอกสารในการรวบรวมข้อมูลเหตุการณ์ (Incident information),รวบรวมข้อมูลเหตุการณ์ (Incident และ Near-miss) มาวิเคราะห์แนวโน้ม,,พ.ค.,46,อยู่ระหว่างดำเนินการ,รวบรวมข้อมูลเหตุการณ์  — พ.ค. (46%),,-,2026-05-25
P_1.12.1,1.,1.12,1.12 การจัดทำแนวทาง/เอกสารในการรวบรวมข้อมูลเหตุการณ์ (Incident information),รวบรวมข้อมูลเหตุการณ์ (Incident และ Near-miss) มาวิเคราะห์แนวโน้ม,,มิ.ย.,50,อยู่ระหว่างดำเนินการ,รวบรวมข้อมูลเหตุการณ์  — มิ.ย. (50%),,-,2026-06-25
P_1.13.1,1.,1.13,1.13 การพัฒนาเครื่องมือติดตามประสิทธิภาพการควบคุมอย่างต่อเนื่อง (Continuous Monitoring),วางแผนและขยายขอบเขต,,ม.ค.,8,อยู่ระหว่างดำเนินการ,วางแผนและขยายขอบเขต — ม.ค. (8%),,-,2026-01-25
P_1.13.1,1.,1.13,1.13 การพัฒนาเครื่องมือติดตามประสิทธิภาพการควบคุมอย่างต่อเนื่อง (Continuous Monitoring),วางแผนและขยายขอบเขต,,ก.พ.,17,อยู่ระหว่างดำเนินการ,วางแผนและขยายขอบเขต — ก.พ. (17%),,-,2026-02-25
P_1.13.1,1.,1.13,1.13 การพัฒนาเครื่องมือติดตามประสิทธิภาพการควบคุมอย่างต่อเนื่อง (Continuous Monitoring),วางแผนและขยายขอบเขต,,มี.ค.,19,อยู่ระหว่างดำเนินการ,วางแผนและขยายขอบเขต — มี.ค. (19%),,-,2026-03-25
P_1.13.1,1.,1.13,1.13 การพัฒนาเครื่องมือติดตามประสิทธิภาพการควบคุมอย่างต่อเนื่อง (Continuous Monitoring),วางแผนและขยายขอบเขต,,เม.ย.,19,อยู่ระหว่างดำเนินการ,วางแผนและขยายขอบเขต — เม.ย. (19%),,-,2026-04-25
P_1.13.1,1.,1.13,1.13 การพัฒนาเครื่องมือติดตามประสิทธิภาพการควบคุมอย่างต่อเนื่อง (Continuous Monitoring),วางแผนและขยายขอบเขต,,พ.ค.,39,อยู่ระหว่างดำเนินการ,วางแผนและขยายขอบเขต — พ.ค. (39%),,-,2026-05-25
P_1.13.1,1.,1.13,1.13 การพัฒนาเครื่องมือติดตามประสิทธิภาพการควบคุมอย่างต่อเนื่อง (Continuous Monitoring),วางแผนและขยายขอบเขต,,มิ.ย.,54,อยู่ระหว่างดำเนินการ,วางแผนและขยายขอบเขต — มิ.ย. (54%),,-,2026-06-25
P_1.14.1,1.,1.14,1.14 การพัฒนาทะเบียนกฎหมาย เนื้อหาข้อบังคับที่องค์กรต้องปฏิบัติตาม (Citation) และเชื่อมโยงกับการควบคุมและนโยบาย,รวบรวมข้อมูลและจัดทำร่างทะเบียนกฎหมาย,,ม.ค.,0,ยังไม่ดำเนินการ,รวบรวมข้อมูลและจัดทำร่ — ม.ค. (0%),ติดขั้นตอนอนุมัติ/ประสานงาน,-,2026-01-25
P_1.14.1,1.,1.14,1.14 การพัฒนาทะเบียนกฎหมาย เนื้อหาข้อบังคับที่องค์กรต้องปฏิบัติตาม (Citation) และเชื่อมโยงกับการควบคุมและนโยบาย,รวบรวมข้อมูลและจัดทำร่างทะเบียนกฎหมาย,,ก.พ.,13,อยู่ระหว่างดำเนินการ,รวบรวมข้อมูลและจัดทำร่ — ก.พ. (13%),ติดขั้นตอนอนุมัติ/ประสานงาน,-,2026-02-25
P_1.14.1,1.,1.14,1.14 การพัฒนาทะเบียนกฎหมาย เนื้อหาข้อบังคับที่องค์กรต้องปฏิบัติตาม (Citation) และเชื่อมโยงกับการควบคุมและนโยบาย,รวบรวมข้อมูลและจัดทำร่างทะเบียนกฎหมาย,,มี.ค.,54,อยู่ระหว่างดำเนินการ,รวบรวมข้อมูลและจัดทำร่ — มี.ค. (54%),,-,2026-03-25
P_1.14.1,1.,1.14,1.14 การพัฒนาทะเบียนกฎหมาย เนื้อหาข้อบังคับที่องค์กรต้องปฏิบัติตาม (Citation) และเชื่อมโยงกับการควบคุมและนโยบาย,รวบรวมข้อมูลและจัดทำร่างทะเบียนกฎหมาย,,เม.ย.,54,อยู่ระหว่างดำเนินการ,รวบรวมข้อมูลและจัดทำร่ — เม.ย. (54%),,-,2026-04-25
P_1.14.1,1.,1.14,1.14 การพัฒนาทะเบียนกฎหมาย เนื้อหาข้อบังคับที่องค์กรต้องปฏิบัติตาม (Citation) และเชื่อมโยงกับการควบคุมและนโยบาย,รวบรวมข้อมูลและจัดทำร่างทะเบียนกฎหมาย,,พ.ค.,77,อยู่ระหว่างดำเนินการ,รวบรวมข้อมูลและจัดทำร่ — พ.ค. (77%),,-,2026-05-25
P_1.14.1,1.,1.14,1.14 การพัฒนาทะเบียนกฎหมาย เนื้อหาข้อบังคับที่องค์กรต้องปฏิบัติตาม (Citation) และเชื่อมโยงกับการควบคุมและนโยบาย,รวบรวมข้อมูลและจัดทำร่างทะเบียนกฎหมาย,,มิ.ย.,100,เสร็จสิ้น,รวบรวมข้อมูลและจัดทำร่ — มิ.ย. (100%),,-,2026-06-25
M_2.1.2.1,2.,2.1,2.1.2 ทบทวนโครงสร้างและบทบาทหน้าที่ด้านการบริหารความเสี่ยง,ทบทวนความสอดคล้องของโครงสร้างและบทบาทหน้าที่ด้านการบริหารความเสี่ยง การควบคุมภายใน และกระบวนการอื่นที่เกี่ยวข้อง,งานบริหารความเสี่ยง / พี่หนึ่ง,พ.ค.,14,อยู่ระหว่างดำเนินการ,ทบทวนความสอดคล้องของโค — พ.ค. (14%),,พี่หนึ่ง,2026-05-25
M_2.1.2.1,2.,2.1,2.1.2 ทบทวนโครงสร้างและบทบาทหน้าที่ด้านการบริหารความเสี่ยง,ทบทวนความสอดคล้องของโครงสร้างและบทบาทหน้าที่ด้านการบริหารความเสี่ยง การควบคุมภายใน และกระบวนการอื่นที่เกี่ยวข้อง,งานบริหารความเสี่ยง / พี่หนึ่ง,มิ.ย.,40,อยู่ระหว่างดำเนินการ,ทบทวนความสอดคล้องของโค — มิ.ย. (40%),,พี่หนึ่ง,2026-06-25
M_2.1.3.1,2.,2.1,2.1.3 ทบทวนกรอบการดำเนินงานและคู่มือการบริหารความเสี่ยง,พิจารณาข้อมูลจาก Feedback Report และแบบประเมินประสิทธิผลของปีก่อน,งานบริหารความเสี่ยง / พี่หนึ่ง,มิ.ย.,18,อยู่ระหว่างดำเนินการ,พิจารณาข้อมูลจาก Feedb — มิ.ย. (18%),ติดขั้นตอนอนุมัติ/ประสานงาน,พี่หนึ่ง,2026-06-25
M_2.2.1.1,2.,2.2,2.2.1 ทบทวน Competency / พฤติกรรมพึงประสงค์ด้านการบริหารความเสี่ยง กับผู้บริหาร และพนักงานที่เกี่ยวข้อง,ทบทวน Competency และแผนพัฒนาบุคลากร / Certification (พนักงาน ฝบส.),งานบริหารความเสี่ยง / แบม,ม.ค.,0,ยังไม่ดำเนินการ,ทบทวน Competency และแผ — ม.ค. (0%),ติดขั้นตอนอนุมัติ/ประสานงาน,แบม,2026-01-25
M_2.2.1.1,2.,2.2,2.2.1 ทบทวน Competency / พฤติกรรมพึงประสงค์ด้านการบริหารความเสี่ยง กับผู้บริหาร และพนักงานที่เกี่ยวข้อง,ทบทวน Competency และแผนพัฒนาบุคลากร / Certification (พนักงาน ฝบส.),งานบริหารความเสี่ยง / แบม,ก.พ.,37,อยู่ระหว่างดำเนินการ,ทบทวน Competency และแผ — ก.พ. (37%),,แบม,2026-02-25
M_2.2.1.1,2.,2.2,2.2.1 ทบทวน Competency / พฤติกรรมพึงประสงค์ด้านการบริหารความเสี่ยง กับผู้บริหาร และพนักงานที่เกี่ยวข้อง,ทบทวน Competency และแผนพัฒนาบุคลากร / Certification (พนักงาน ฝบส.),งานบริหารความเสี่ยง / แบม,มี.ค.,37,อยู่ระหว่างดำเนินการ,ทบทวน Competency และแผ — มี.ค. (37%),,แบม,2026-03-25
M_2.2.1.1,2.,2.2,2.2.1 ทบทวน Competency / พฤติกรรมพึงประสงค์ด้านการบริหารความเสี่ยง กับผู้บริหาร และพนักงานที่เกี่ยวข้อง,ทบทวน Competency และแผนพัฒนาบุคลากร / Certification (พนักงาน ฝบส.),งานบริหารความเสี่ยง / แบม,เม.ย.,52,อยู่ระหว่างดำเนินการ,ทบทวน Competency และแผ — เม.ย. (52%),ติดขั้นตอนอนุมัติ/ประสานงาน,แบม,2026-04-25
M_2.2.1.1,2.,2.2,2.2.1 ทบทวน Competency / พฤติกรรมพึงประสงค์ด้านการบริหารความเสี่ยง กับผู้บริหาร และพนักงานที่เกี่ยวข้อง,ทบทวน Competency และแผนพัฒนาบุคลากร / Certification (พนักงาน ฝบส.),งานบริหารความเสี่ยง / แบม,พ.ค.,83,อยู่ระหว่างดำเนินการ,ทบทวน Competency และแผ — พ.ค. (83%),,แบม,2026-05-25
M_2.2.1.1,2.,2.2,2.2.1 ทบทวน Competency / พฤติกรรมพึงประสงค์ด้านการบริหารความเสี่ยง กับผู้บริหาร และพนักงานที่เกี่ยวข้อง,ทบทวน Competency และแผนพัฒนาบุคลากร / Certification (พนักงาน ฝบส.),งานบริหารความเสี่ยง / แบม,มิ.ย.,100,เสร็จสิ้น,ทบทวน Competency และแผ — มิ.ย. (100%),,แบม,2026-06-25
M_2.2.1.2,2.,2.2,2.2.1 ทบทวน Competency / พฤติกรรมพึงประสงค์ด้านการบริหารความเสี่ยง กับผู้บริหาร และพนักงานที่เกี่ยวข้อง,ทบทวนพฤติกรรมที่พึงประสงค์ด้านการบริหารความเสี่ยงตามกลุ่มของพนักงาน,งานบริหารความเสี่ยง / แบม,ม.ค.,30,อยู่ระหว่างดำเนินการ,ทบทวนพฤติกรรมที่พึงประ — ม.ค. (30%),,แบม,2026-01-25
M_2.2.1.2,2.,2.2,2.2.1 ทบทวน Competency / พฤติกรรมพึงประสงค์ด้านการบริหารความเสี่ยง กับผู้บริหาร และพนักงานที่เกี่ยวข้อง,ทบทวนพฤติกรรมที่พึงประสงค์ด้านการบริหารความเสี่ยงตามกลุ่มของพนักงาน,งานบริหารความเสี่ยง / แบม,ก.พ.,72,อยู่ระหว่างดำเนินการ,ทบทวนพฤติกรรมที่พึงประ — ก.พ. (72%),,แบม,2026-02-25
M_2.2.1.2,2.,2.2,2.2.1 ทบทวน Competency / พฤติกรรมพึงประสงค์ด้านการบริหารความเสี่ยง กับผู้บริหาร และพนักงานที่เกี่ยวข้อง,ทบทวนพฤติกรรมที่พึงประสงค์ด้านการบริหารความเสี่ยงตามกลุ่มของพนักงาน,งานบริหารความเสี่ยง / แบม,มี.ค.,100,เสร็จสิ้น,ทบทวนพฤติกรรมที่พึงประ — มี.ค. (100%),,แบม,2026-03-25
M_2.2.1.2,2.,2.2,2.2.1 ทบทวน Competency / พฤติกรรมพึงประสงค์ด้านการบริหารความเสี่ยง กับผู้บริหาร และพนักงานที่เกี่ยวข้อง,ทบทวนพฤติกรรมที่พึงประสงค์ด้านการบริหารความเสี่ยงตามกลุ่มของพนักงาน,งานบริหารความเสี่ยง / แบม,เม.ย.,100,เสร็จสิ้น,ทบทวนพฤติกรรมที่พึงประ — เม.ย. (100%),,แบม,2026-04-25
M_2.2.1.2,2.,2.2,2.2.1 ทบทวน Competency / พฤติกรรมพึงประสงค์ด้านการบริหารความเสี่ยง กับผู้บริหาร และพนักงานที่เกี่ยวข้อง,ทบทวนพฤติกรรมที่พึงประสงค์ด้านการบริหารความเสี่ยงตามกลุ่มของพนักงาน,งานบริหารความเสี่ยง / แบม,พ.ค.,100,เสร็จสิ้น,ทบทวนพฤติกรรมที่พึงประ — พ.ค. (100%),,แบม,2026-05-25
M_2.2.1.2,2.,2.2,2.2.1 ทบทวน Competency / พฤติกรรมพึงประสงค์ด้านการบริหารความเสี่ยง กับผู้บริหาร และพนักงานที่เกี่ยวข้อง,ทบทวนพฤติกรรมที่พึงประสงค์ด้านการบริหารความเสี่ยงตามกลุ่มของพนักงาน,งานบริหารความเสี่ยง / แบม,มิ.ย.,100,เสร็จสิ้น,ทบทวนพฤติกรรมที่พึงประ — มิ.ย. (100%),,แบม,2026-06-25
M_2.2.1.3,2.,2.2,2.2.1 ทบทวน Competency / พฤติกรรมพึงประสงค์ด้านการบริหารความเสี่ยง กับผู้บริหาร และพนักงานที่เกี่ยวข้อง,ทบทวนหลักสูตร พร้อมให้ ฝอร. แจ้งการอบรม,งานบริหารความเสี่ยง / แบม,เม.ย.,33,อยู่ระหว่างดำเนินการ,ทบทวนหลักสูตร พร้อมให้ — เม.ย. (33%),,แบม,2026-04-25
M_2.2.1.3,2.,2.2,2.2.1 ทบทวน Competency / พฤติกรรมพึงประสงค์ด้านการบริหารความเสี่ยง กับผู้บริหาร และพนักงานที่เกี่ยวข้อง,ทบทวนหลักสูตร พร้อมให้ ฝอร. แจ้งการอบรม,งานบริหารความเสี่ยง / แบม,พ.ค.,67,อยู่ระหว่างดำเนินการ,ทบทวนหลักสูตร พร้อมให้ — พ.ค. (67%),,แบม,2026-05-25
M_2.2.1.3,2.,2.2,2.2.1 ทบทวน Competency / พฤติกรรมพึงประสงค์ด้านการบริหารความเสี่ยง กับผู้บริหาร และพนักงานที่เกี่ยวข้อง,ทบทวนหลักสูตร พร้อมให้ ฝอร. แจ้งการอบรม,งานบริหารความเสี่ยง / แบม,มิ.ย.,100,เสร็จสิ้น,ทบทวนหลักสูตร พร้อมให้ — มิ.ย. (100%),,แบม,2026-06-25
M_2.2.2.1,2.,2.2,2.2.2 อบรมและพัฒนาพนักงานตาม Competency ที่กำหนด,ส่งพนักงาน ฝบส. เข้ารับการอบรมตามแผน,งานบริหารความเสี่ยง / แบม,ม.ค.,12,อยู่ระหว่างดำเนินการ,ส่งพนักงาน ฝบส. เข้ารั — ม.ค. (12%),,แบม,2026-01-25
M_2.2.2.1,2.,2.2,2.2.2 อบรมและพัฒนาพนักงานตาม Competency ที่กำหนด,ส่งพนักงาน ฝบส. เข้ารับการอบรมตามแผน,งานบริหารความเสี่ยง / แบม,ก.พ.,21,อยู่ระหว่างดำเนินการ,ส่งพนักงาน ฝบส. เข้ารั — ก.พ. (21%),,แบม,2026-02-25
M_2.2.2.1,2.,2.2,2.2.2 อบรมและพัฒนาพนักงานตาม Competency ที่กำหนด,ส่งพนักงาน ฝบส. เข้ารับการอบรมตามแผน,งานบริหารความเสี่ยง / แบม,มี.ค.,21,อยู่ระหว่างดำเนินการ,ส่งพนักงาน ฝบส. เข้ารั — มี.ค. (21%),,แบม,2026-03-25
M_2.2.2.1,2.,2.2,2.2.2 อบรมและพัฒนาพนักงานตาม Competency ที่กำหนด,ส่งพนักงาน ฝบส. เข้ารับการอบรมตามแผน,งานบริหารความเสี่ยง / แบม,เม.ย.,21,อยู่ระหว่างดำเนินการ,ส่งพนักงาน ฝบส. เข้ารั — เม.ย. (21%),,แบม,2026-04-25
M_2.2.2.1,2.,2.2,2.2.2 อบรมและพัฒนาพนักงานตาม Competency ที่กำหนด,ส่งพนักงาน ฝบส. เข้ารับการอบรมตามแผน,งานบริหารความเสี่ยง / แบม,พ.ค.,42,อยู่ระหว่างดำเนินการ,ส่งพนักงาน ฝบส. เข้ารั — พ.ค. (42%),,แบม,2026-05-25
M_2.2.2.1,2.,2.2,2.2.2 อบรมและพัฒนาพนักงานตาม Competency ที่กำหนด,ส่งพนักงาน ฝบส. เข้ารับการอบรมตามแผน,งานบริหารความเสี่ยง / แบม,มิ.ย.,50,อยู่ระหว่างดำเนินการ,ส่งพนักงาน ฝบส. เข้ารั — มิ.ย. (50%),,แบม,2026-06-25
M_2.2.2.4,2.,2.2,2.2.2 อบรมและพัฒนาพนักงานตาม Competency ที่กำหนด,ดำเนินการตามแผนการอบรม/ให้ความรู้ด้านการบริหารความเสี่ยง แก่ผู้บริหารและพนักงาน,งานบริหารความเสี่ยง / แบม,เม.ย.,0,ยังไม่ดำเนินการ,ดำเนินการตามแผนการอบรม — เม.ย. (0%),,แบม,2026-04-25
M_2.2.2.4,2.,2.2,2.2.2 อบรมและพัฒนาพนักงานตาม Competency ที่กำหนด,ดำเนินการตามแผนการอบรม/ให้ความรู้ด้านการบริหารความเสี่ยง แก่ผู้บริหารและพนักงาน,งานบริหารความเสี่ยง / แบม,พ.ค.,9,อยู่ระหว่างดำเนินการ,ดำเนินการตามแผนการอบรม — พ.ค. (9%),ติดขั้นตอนอนุมัติ/ประสานงาน,แบม,2026-05-25
M_2.2.2.4,2.,2.2,2.2.2 อบรมและพัฒนาพนักงานตาม Competency ที่กำหนด,ดำเนินการตามแผนการอบรม/ให้ความรู้ด้านการบริหารความเสี่ยง แก่ผู้บริหารและพนักงาน,งานบริหารความเสี่ยง / แบม,มิ.ย.,43,อยู่ระหว่างดำเนินการ,ดำเนินการตามแผนการอบรม — มิ.ย. (43%),,แบม,2026-06-25
M_2.2.3.1,2.,2.2,2.2.3 สื่อสารสร้างความตระหนักด้านการบริหารความเสี่ยง,ประสานงาน ฝทม. ในการสื่อสาร/ผลักดันให้เกิดพฤติกรรมที่พึงประสงค์,งานบริหารความเสี่ยง / แบม,ก.พ.,33,อยู่ระหว่างดำเนินการ,ประสานงาน ฝทม. ในการสื — ก.พ. (33%),,แบม,2026-02-25
M_2.2.3.1,2.,2.2,2.2.3 สื่อสารสร้างความตระหนักด้านการบริหารความเสี่ยง,ประสานงาน ฝทม. ในการสื่อสาร/ผลักดันให้เกิดพฤติกรรมที่พึงประสงค์,งานบริหารความเสี่ยง / แบม,มี.ค.,52,อยู่ระหว่างดำเนินการ,ประสานงาน ฝทม. ในการสื — มี.ค. (52%),ติดขั้นตอนอนุมัติ/ประสานงาน,แบม,2026-03-25
M_2.2.3.1,2.,2.2,2.2.3 สื่อสารสร้างความตระหนักด้านการบริหารความเสี่ยง,ประสานงาน ฝทม. ในการสื่อสาร/ผลักดันให้เกิดพฤติกรรมที่พึงประสงค์,งานบริหารความเสี่ยง / แบม,เม.ย.,80,อยู่ระหว่างดำเนินการ,ประสานงาน ฝทม. ในการสื — เม.ย. (80%),ติดขั้นตอนอนุมัติ/ประสานงาน,แบม,2026-04-25
M_2.2.3.1,2.,2.2,2.2.3 สื่อสารสร้างความตระหนักด้านการบริหารความเสี่ยง,ประสานงาน ฝทม. ในการสื่อสาร/ผลักดันให้เกิดพฤติกรรมที่พึงประสงค์,งานบริหารความเสี่ยง / แบม,พ.ค.,85,อยู่ระหว่างดำเนินการ,ประสานงาน ฝทม. ในการสื — พ.ค. (85%),ติดขั้นตอนอนุมัติ/ประสานงาน,แบม,2026-05-25
M_2.2.3.1,2.,2.2,2.2.3 สื่อสารสร้างความตระหนักด้านการบริหารความเสี่ยง,ประสานงาน ฝทม. ในการสื่อสาร/ผลักดันให้เกิดพฤติกรรมที่พึงประสงค์,งานบริหารความเสี่ยง / แบม,มิ.ย.,97,อยู่ระหว่างดำเนินการ,ประสานงาน ฝทม. ในการสื — มิ.ย. (97%),,แบม,2026-06-25
M_2.2.3.2,2.,2.2,2.2.3 สื่อสารสร้างความตระหนักด้านการบริหารความเสี่ยง,สื่อสาร/ชี้แจงในงาน GRC Day,งานบริหารความเสี่ยง / แบม,ม.ค.,54,อยู่ระหว่างดำเนินการ,สื่อสาร/ชี้แจงในงาน GR — ม.ค. (54%),,แบม,2026-01-25
M_2.2.3.2,2.,2.2,2.2.3 สื่อสารสร้างความตระหนักด้านการบริหารความเสี่ยง,สื่อสาร/ชี้แจงในงาน GRC Day,งานบริหารความเสี่ยง / แบม,ก.พ.,100,เสร็จสิ้น,สื่อสาร/ชี้แจงในงาน GR — ก.พ. (100%),,แบม,2026-02-25
M_2.2.3.2,2.,2.2,2.2.3 สื่อสารสร้างความตระหนักด้านการบริหารความเสี่ยง,สื่อสาร/ชี้แจงในงาน GRC Day,งานบริหารความเสี่ยง / แบม,มี.ค.,100,เสร็จสิ้น,สื่อสาร/ชี้แจงในงาน GR — มี.ค. (100%),,แบม,2026-03-25
M_2.2.3.2,2.,2.2,2.2.3 สื่อสารสร้างความตระหนักด้านการบริหารความเสี่ยง,สื่อสาร/ชี้แจงในงาน GRC Day,งานบริหารความเสี่ยง / แบม,เม.ย.,100,เสร็จสิ้น,สื่อสาร/ชี้แจงในงาน GR — เม.ย. (100%),,แบม,2026-04-25
M_2.2.3.2,2.,2.2,2.2.3 สื่อสารสร้างความตระหนักด้านการบริหารความเสี่ยง,สื่อสาร/ชี้แจงในงาน GRC Day,งานบริหารความเสี่ยง / แบม,พ.ค.,100,เสร็จสิ้น,สื่อสาร/ชี้แจงในงาน GR — พ.ค. (100%),,แบม,2026-05-25
M_2.2.3.2,2.,2.2,2.2.3 สื่อสารสร้างความตระหนักด้านการบริหารความเสี่ยง,สื่อสาร/ชี้แจงในงาน GRC Day,งานบริหารความเสี่ยง / แบม,มิ.ย.,100,เสร็จสิ้น,สื่อสาร/ชี้แจงในงาน GR — มิ.ย. (100%),,แบม,2026-06-25
M_2.2.3.3,2.,2.2,2.2.3 สื่อสารสร้างความตระหนักด้านการบริหารความเสี่ยง,ผู้บริหารเป็นผู้นำต้นแบบและสร้างบรรยากาศ,งานบริหารความเสี่ยง / แบม,ม.ค.,30,อยู่ระหว่างดำเนินการ,ผู้บริหารเป็นผู้นำต้นแ — ม.ค. (30%),ติดขั้นตอนอนุมัติ/ประสานงาน,แบม,2026-01-25
M_2.2.3.3,2.,2.2,2.2.3 สื่อสารสร้างความตระหนักด้านการบริหารความเสี่ยง,ผู้บริหารเป็นผู้นำต้นแบบและสร้างบรรยากาศ,งานบริหารความเสี่ยง / แบม,ก.พ.,100,เสร็จสิ้น,ผู้บริหารเป็นผู้นำต้นแ — ก.พ. (100%),,แบม,2026-02-25
M_2.2.3.3,2.,2.2,2.2.3 สื่อสารสร้างความตระหนักด้านการบริหารความเสี่ยง,ผู้บริหารเป็นผู้นำต้นแบบและสร้างบรรยากาศ,งานบริหารความเสี่ยง / แบม,มี.ค.,100,เสร็จสิ้น,ผู้บริหารเป็นผู้นำต้นแ — มี.ค. (100%),,แบม,2026-03-25
M_2.2.3.3,2.,2.2,2.2.3 สื่อสารสร้างความตระหนักด้านการบริหารความเสี่ยง,ผู้บริหารเป็นผู้นำต้นแบบและสร้างบรรยากาศ,งานบริหารความเสี่ยง / แบม,เม.ย.,100,เสร็จสิ้น,ผู้บริหารเป็นผู้นำต้นแ — เม.ย. (100%),,แบม,2026-04-25
M_2.2.3.3,2.,2.2,2.2.3 สื่อสารสร้างความตระหนักด้านการบริหารความเสี่ยง,ผู้บริหารเป็นผู้นำต้นแบบและสร้างบรรยากาศ,งานบริหารความเสี่ยง / แบม,พ.ค.,100,เสร็จสิ้น,ผู้บริหารเป็นผู้นำต้นแ — พ.ค. (100%),,แบม,2026-05-25
M_2.2.3.3,2.,2.2,2.2.3 สื่อสารสร้างความตระหนักด้านการบริหารความเสี่ยง,ผู้บริหารเป็นผู้นำต้นแบบและสร้างบรรยากาศ,งานบริหารความเสี่ยง / แบม,มิ.ย.,100,เสร็จสิ้น,ผู้บริหารเป็นผู้นำต้นแ — มิ.ย. (100%),,แบม,2026-06-25
M_2.2.3.4,2.,2.2,2.2.3 สื่อสารสร้างความตระหนักด้านการบริหารความเสี่ยง,พัฒนาพฤติกรรม ตามพฤติกรรมพึงประสงค์ด้านการบริหารความเสี่ยง กับผู้บริหาร และพนักงานที่เกี่ยวข้อง ผ่านการสื่อสารในช่องทางที่กำหนด,งานบริหารความเสี่ยง / แบม,ก.พ.,6,อยู่ระหว่างดำเนินการ,พัฒนาพฤติกรรม ตามพฤติก — ก.พ. (6%),,แบม,2026-02-25
M_2.2.3.4,2.,2.2,2.2.3 สื่อสารสร้างความตระหนักด้านการบริหารความเสี่ยง,พัฒนาพฤติกรรม ตามพฤติกรรมพึงประสงค์ด้านการบริหารความเสี่ยง กับผู้บริหาร และพนักงานที่เกี่ยวข้อง ผ่านการสื่อสารในช่องทางที่กำหนด,งานบริหารความเสี่ยง / แบม,มี.ค.,15,อยู่ระหว่างดำเนินการ,พัฒนาพฤติกรรม ตามพฤติก — มี.ค. (15%),,แบม,2026-03-25
M_2.2.3.4,2.,2.2,2.2.3 สื่อสารสร้างความตระหนักด้านการบริหารความเสี่ยง,พัฒนาพฤติกรรม ตามพฤติกรรมพึงประสงค์ด้านการบริหารความเสี่ยง กับผู้บริหาร และพนักงานที่เกี่ยวข้อง ผ่านการสื่อสารในช่องทางที่กำหนด,งานบริหารความเสี่ยง / แบม,เม.ย.,15,อยู่ระหว่างดำเนินการ,พัฒนาพฤติกรรม ตามพฤติก — เม.ย. (15%),,แบม,2026-04-25
M_2.2.3.4,2.,2.2,2.2.3 สื่อสารสร้างความตระหนักด้านการบริหารความเสี่ยง,พัฒนาพฤติกรรม ตามพฤติกรรมพึงประสงค์ด้านการบริหารความเสี่ยง กับผู้บริหาร และพนักงานที่เกี่ยวข้อง ผ่านการสื่อสารในช่องทางที่กำหนด,งานบริหารความเสี่ยง / แบม,พ.ค.,36,อยู่ระหว่างดำเนินการ,พัฒนาพฤติกรรม ตามพฤติก — พ.ค. (36%),,แบม,2026-05-25
M_2.2.3.4,2.,2.2,2.2.3 สื่อสารสร้างความตระหนักด้านการบริหารความเสี่ยง,พัฒนาพฤติกรรม ตามพฤติกรรมพึงประสงค์ด้านการบริหารความเสี่ยง กับผู้บริหาร และพนักงานที่เกี่ยวข้อง ผ่านการสื่อสารในช่องทางที่กำหนด,งานบริหารความเสี่ยง / แบม,มิ.ย.,50,อยู่ระหว่างดำเนินการ,พัฒนาพฤติกรรม ตามพฤติก — มิ.ย. (50%),,แบม,2026-06-25
M_2.2.5.1,2.,2.2,2.2.5 ทบทวนการจัดทำการเชื่อมโยง KPI กับผลการดำเนินงานด้านการบริหารความเสี่ยงของแต่ละสายงาน,ทบทวนโครงสร้าง KPI สายงาน เชื่อมโยงผลการบริหารความเสี่ยงใน KPI ผู้บริหารสายงาน ร่วมกับ ฝทม.,งานบริหารความเสี่ยง / แบม,ม.ค.,30,อยู่ระหว่างดำเนินการ,ทบทวนโครงสร้าง KPI สาย — ม.ค. (30%),ติดขั้นตอนอนุมัติ/ประสานงาน,แบม,2026-01-25
M_2.2.5.1,2.,2.2,2.2.5 ทบทวนการจัดทำการเชื่อมโยง KPI กับผลการดำเนินงานด้านการบริหารความเสี่ยงของแต่ละสายงาน,ทบทวนโครงสร้าง KPI สายงาน เชื่อมโยงผลการบริหารความเสี่ยงใน KPI ผู้บริหารสายงาน ร่วมกับ ฝทม.,งานบริหารความเสี่ยง / แบม,ก.พ.,97,อยู่ระหว่างดำเนินการ,ทบทวนโครงสร้าง KPI สาย — ก.พ. (97%),,แบม,2026-02-25
M_2.2.5.1,2.,2.2,2.2.5 ทบทวนการจัดทำการเชื่อมโยง KPI กับผลการดำเนินงานด้านการบริหารความเสี่ยงของแต่ละสายงาน,ทบทวนโครงสร้าง KPI สายงาน เชื่อมโยงผลการบริหารความเสี่ยงใน KPI ผู้บริหารสายงาน ร่วมกับ ฝทม.,งานบริหารความเสี่ยง / แบม,มี.ค.,97,อยู่ระหว่างดำเนินการ,ทบทวนโครงสร้าง KPI สาย — มี.ค. (97%),,แบม,2026-03-25
M_2.2.5.1,2.,2.2,2.2.5 ทบทวนการจัดทำการเชื่อมโยง KPI กับผลการดำเนินงานด้านการบริหารความเสี่ยงของแต่ละสายงาน,ทบทวนโครงสร้าง KPI สายงาน เชื่อมโยงผลการบริหารความเสี่ยงใน KPI ผู้บริหารสายงาน ร่วมกับ ฝทม.,งานบริหารความเสี่ยง / แบม,เม.ย.,100,เสร็จสิ้น,ทบทวนโครงสร้าง KPI สาย — เม.ย. (100%),,แบม,2026-04-25
M_2.2.5.1,2.,2.2,2.2.5 ทบทวนการจัดทำการเชื่อมโยง KPI กับผลการดำเนินงานด้านการบริหารความเสี่ยงของแต่ละสายงาน,ทบทวนโครงสร้าง KPI สายงาน เชื่อมโยงผลการบริหารความเสี่ยงใน KPI ผู้บริหารสายงาน ร่วมกับ ฝทม.,งานบริหารความเสี่ยง / แบม,พ.ค.,100,เสร็จสิ้น,ทบทวนโครงสร้าง KPI สาย — พ.ค. (100%),,แบม,2026-05-25
M_2.2.5.1,2.,2.2,2.2.5 ทบทวนการจัดทำการเชื่อมโยง KPI กับผลการดำเนินงานด้านการบริหารความเสี่ยงของแต่ละสายงาน,ทบทวนโครงสร้าง KPI สายงาน เชื่อมโยงผลการบริหารความเสี่ยงใน KPI ผู้บริหารสายงาน ร่วมกับ ฝทม.,งานบริหารความเสี่ยง / แบม,มิ.ย.,100,เสร็จสิ้น,ทบทวนโครงสร้าง KPI สาย — มิ.ย. (100%),,แบม,2026-06-25
M_2.2.5.2,2.,2.2,2.2.5 ทบทวนการจัดทำการเชื่อมโยง KPI กับผลการดำเนินงานด้านการบริหารความเสี่ยงของแต่ละสายงาน,กำหนดแนวทางเชื่อมโยงผลการบริหารความเสี่ยงองค์กร/สายงาน/หน่วยงาน,งานบริหารความเสี่ยง / แบม,ก.พ.,30,อยู่ระหว่างดำเนินการ,กำหนดแนวทางเชื่อมโยงผล — ก.พ. (30%),,แบม,2026-02-25
M_2.2.5.2,2.,2.2,2.2.5 ทบทวนการจัดทำการเชื่อมโยง KPI กับผลการดำเนินงานด้านการบริหารความเสี่ยงของแต่ละสายงาน,กำหนดแนวทางเชื่อมโยงผลการบริหารความเสี่ยงองค์กร/สายงาน/หน่วยงาน,งานบริหารความเสี่ยง / แบม,มี.ค.,71,อยู่ระหว่างดำเนินการ,กำหนดแนวทางเชื่อมโยงผล — มี.ค. (71%),,แบม,2026-03-25
M_2.2.5.2,2.,2.2,2.2.5 ทบทวนการจัดทำการเชื่อมโยง KPI กับผลการดำเนินงานด้านการบริหารความเสี่ยงของแต่ละสายงาน,กำหนดแนวทางเชื่อมโยงผลการบริหารความเสี่ยงองค์กร/สายงาน/หน่วยงาน,งานบริหารความเสี่ยง / แบม,เม.ย.,97,อยู่ระหว่างดำเนินการ,กำหนดแนวทางเชื่อมโยงผล — เม.ย. (97%),,แบม,2026-04-25
M_2.2.5.2,2.,2.2,2.2.5 ทบทวนการจัดทำการเชื่อมโยง KPI กับผลการดำเนินงานด้านการบริหารความเสี่ยงของแต่ละสายงาน,กำหนดแนวทางเชื่อมโยงผลการบริหารความเสี่ยงองค์กร/สายงาน/หน่วยงาน,งานบริหารความเสี่ยง / แบม,พ.ค.,97,อยู่ระหว่างดำเนินการ,กำหนดแนวทางเชื่อมโยงผล — พ.ค. (97%),,แบม,2026-05-25
M_2.2.5.2,2.,2.2,2.2.5 ทบทวนการจัดทำการเชื่อมโยง KPI กับผลการดำเนินงานด้านการบริหารความเสี่ยงของแต่ละสายงาน,กำหนดแนวทางเชื่อมโยงผลการบริหารความเสี่ยงองค์กร/สายงาน/หน่วยงาน,งานบริหารความเสี่ยง / แบม,มิ.ย.,100,เสร็จสิ้น,กำหนดแนวทางเชื่อมโยงผล — มิ.ย. (100%),,แบม,2026-06-25
M_2.2.5.3,2.,2.2,2.2.5 ทบทวนการจัดทำการเชื่อมโยง KPI กับผลการดำเนินงานด้านการบริหารความเสี่ยงของแต่ละสายงาน,ถ่ายทอดลงสูระดับสายงาน/หน่วยงาน สอดคล้องกับการประเมินผลองค์กร,งานบริหารความเสี่ยง / แบม,เม.ย.,50,อยู่ระหว่างดำเนินการ,ถ่ายทอดลงสูระดับสายงาน — เม.ย. (50%),,แบม,2026-04-25
M_2.2.5.3,2.,2.2,2.2.5 ทบทวนการจัดทำการเชื่อมโยง KPI กับผลการดำเนินงานด้านการบริหารความเสี่ยงของแต่ละสายงาน,ถ่ายทอดลงสูระดับสายงาน/หน่วยงาน สอดคล้องกับการประเมินผลองค์กร,งานบริหารความเสี่ยง / แบม,พ.ค.,100,เสร็จสิ้น,ถ่ายทอดลงสูระดับสายงาน — พ.ค. (100%),,แบม,2026-05-25
M_2.2.5.3,2.,2.2,2.2.5 ทบทวนการจัดทำการเชื่อมโยง KPI กับผลการดำเนินงานด้านการบริหารความเสี่ยงของแต่ละสายงาน,ถ่ายทอดลงสูระดับสายงาน/หน่วยงาน สอดคล้องกับการประเมินผลองค์กร,งานบริหารความเสี่ยง / แบม,มิ.ย.,100,เสร็จสิ้น,ถ่ายทอดลงสูระดับสายงาน — มิ.ย. (100%),,แบม,2026-06-25
M_2.2.5.4,2.,2.2,2.2.5 ทบทวนการจัดทำการเชื่อมโยง KPI กับผลการดำเนินงานด้านการบริหารความเสี่ยงของแต่ละสายงาน,ประเมินประสิทธิผลและกำหนดแนวทางการปรับปรุงการดำเนินงาน,งานบริหารความเสี่ยง / แบม,พ.ค.,94,อยู่ระหว่างดำเนินการ,ประเมินประสิทธิผลและกำ — พ.ค. (94%),,แบม,2026-05-25
M_2.2.5.4,2.,2.2,2.2.5 ทบทวนการจัดทำการเชื่อมโยง KPI กับผลการดำเนินงานด้านการบริหารความเสี่ยงของแต่ละสายงาน,ประเมินประสิทธิผลและกำหนดแนวทางการปรับปรุงการดำเนินงาน,งานบริหารความเสี่ยง / แบม,มิ.ย.,94,อยู่ระหว่างดำเนินการ,ประเมินประสิทธิผลและกำ — มิ.ย. (94%),,แบม,2026-06-25
M_2.2.6.1,2.,2.2,2.2.6 ดำเนินการตามโครงการ MEA GRC Award เพื่อบูรณาการการบริหารความเสี่ยงกับผลตอบแทน/แรงจูงใจ,จัดจ้างที่ปรึกษา,เจ้นท์ / แบม,ม.ค.,33,อยู่ระหว่างดำเนินการ,จัดจ้างที่ปรึกษา — ม.ค. (33%),,แบม,2026-01-25
M_2.2.6.1,2.,2.2,2.2.6 ดำเนินการตามโครงการ MEA GRC Award เพื่อบูรณาการการบริหารความเสี่ยงกับผลตอบแทน/แรงจูงใจ,จัดจ้างที่ปรึกษา,เจ้นท์ / แบม,ก.พ.,47,อยู่ระหว่างดำเนินการ,จัดจ้างที่ปรึกษา — ก.พ. (47%),ติดขั้นตอนอนุมัติ/ประสานงาน,แบม,2026-02-25
M_2.2.6.1,2.,2.2,2.2.6 ดำเนินการตามโครงการ MEA GRC Award เพื่อบูรณาการการบริหารความเสี่ยงกับผลตอบแทน/แรงจูงใจ,จัดจ้างที่ปรึกษา,เจ้นท์ / แบม,มี.ค.,100,เสร็จสิ้น,จัดจ้างที่ปรึกษา — มี.ค. (100%),,แบม,2026-03-25
M_2.2.6.1,2.,2.2,2.2.6 ดำเนินการตามโครงการ MEA GRC Award เพื่อบูรณาการการบริหารความเสี่ยงกับผลตอบแทน/แรงจูงใจ,จัดจ้างที่ปรึกษา,เจ้นท์ / แบม,เม.ย.,100,เสร็จสิ้น,จัดจ้างที่ปรึกษา — เม.ย. (100%),,แบม,2026-04-25
M_2.2.6.1,2.,2.2,2.2.6 ดำเนินการตามโครงการ MEA GRC Award เพื่อบูรณาการการบริหารความเสี่ยงกับผลตอบแทน/แรงจูงใจ,จัดจ้างที่ปรึกษา,เจ้นท์ / แบม,พ.ค.,100,เสร็จสิ้น,จัดจ้างที่ปรึกษา — พ.ค. (100%),,แบม,2026-05-25
M_2.2.6.1,2.,2.2,2.2.6 ดำเนินการตามโครงการ MEA GRC Award เพื่อบูรณาการการบริหารความเสี่ยงกับผลตอบแทน/แรงจูงใจ,จัดจ้างที่ปรึกษา,เจ้นท์ / แบม,มิ.ย.,100,เสร็จสิ้น,จัดจ้างที่ปรึกษา — มิ.ย. (100%),,แบม,2026-06-25
M_2.2.6.2,2.,2.2,2.2.6 ดำเนินการตามโครงการ MEA GRC Award เพื่อบูรณาการการบริหารความเสี่ยงกับผลตอบแทน/แรงจูงใจ,ชี้แจงการเข้าร่วมโครงการ,เจ้นท์ / แบม,มี.ค.,55,อยู่ระหว่างดำเนินการ,ชี้แจงการเข้าร่วมโครงก — มี.ค. (55%),,แบม,2026-03-25
M_2.2.6.2,2.,2.2,2.2.6 ดำเนินการตามโครงการ MEA GRC Award เพื่อบูรณาการการบริหารความเสี่ยงกับผลตอบแทน/แรงจูงใจ,ชี้แจงการเข้าร่วมโครงการ,เจ้นท์ / แบม,เม.ย.,97,อยู่ระหว่างดำเนินการ,ชี้แจงการเข้าร่วมโครงก — เม.ย. (97%),,แบม,2026-04-25
M_2.2.6.2,2.,2.2,2.2.6 ดำเนินการตามโครงการ MEA GRC Award เพื่อบูรณาการการบริหารความเสี่ยงกับผลตอบแทน/แรงจูงใจ,ชี้แจงการเข้าร่วมโครงการ,เจ้นท์ / แบม,พ.ค.,100,เสร็จสิ้น,ชี้แจงการเข้าร่วมโครงก — พ.ค. (100%),,แบม,2026-05-25
M_2.2.6.2,2.,2.2,2.2.6 ดำเนินการตามโครงการ MEA GRC Award เพื่อบูรณาการการบริหารความเสี่ยงกับผลตอบแทน/แรงจูงใจ,ชี้แจงการเข้าร่วมโครงการ,เจ้นท์ / แบม,มิ.ย.,100,เสร็จสิ้น,ชี้แจงการเข้าร่วมโครงก — มิ.ย. (100%),,แบม,2026-06-25
M_2.2.6.3,2.,2.2,2.2.6 ดำเนินการตามโครงการ MEA GRC Award เพื่อบูรณาการการบริหารความเสี่ยงกับผลตอบแทน/แรงจูงใจ,ดำเนินการตามโครงการและให้คำปรึกษาแก่สายงาน,เจ้นท์ / แบม,เม.ย.,19,อยู่ระหว่างดำเนินการ,ดำเนินการตามโครงการและ — เม.ย. (19%),,แบม,2026-04-25
M_2.2.6.3,2.,2.2,2.2.6 ดำเนินการตามโครงการ MEA GRC Award เพื่อบูรณาการการบริหารความเสี่ยงกับผลตอบแทน/แรงจูงใจ,ดำเนินการตามโครงการและให้คำปรึกษาแก่สายงาน,เจ้นท์ / แบม,พ.ค.,29,อยู่ระหว่างดำเนินการ,ดำเนินการตามโครงการและ — พ.ค. (29%),,แบม,2026-05-25
M_2.2.6.3,2.,2.2,2.2.6 ดำเนินการตามโครงการ MEA GRC Award เพื่อบูรณาการการบริหารความเสี่ยงกับผลตอบแทน/แรงจูงใจ,ดำเนินการตามโครงการและให้คำปรึกษาแก่สายงาน,เจ้นท์ / แบม,มิ.ย.,29,อยู่ระหว่างดำเนินการ,ดำเนินการตามโครงการและ — มิ.ย. (29%),,แบม,2026-06-25
M_2.3.1.1,2.,2.3,2.3.1 ทบทวนหลักการกำหนด RA/RT และ RA Statement พร้อมสื่อสารให้แก่ผู้มีส่วนได้ส่วนเสีย,ทบทวนหลักการกำหนด RA/RT และ RA Statement,งานบริหารความเสี่ยง / เป็ด,มี.ค.,47,อยู่ระหว่างดำเนินการ,ทบทวนหลักการกำหนด RA/R — มี.ค. (47%),,เป็ด,2026-03-25
M_2.3.1.1,2.,2.3,2.3.1 ทบทวนหลักการกำหนด RA/RT และ RA Statement พร้อมสื่อสารให้แก่ผู้มีส่วนได้ส่วนเสีย,ทบทวนหลักการกำหนด RA/RT และ RA Statement,งานบริหารความเสี่ยง / เป็ด,เม.ย.,97,อยู่ระหว่างดำเนินการ,ทบทวนหลักการกำหนด RA/R — เม.ย. (97%),,เป็ด,2026-04-25
M_2.3.1.1,2.,2.3,2.3.1 ทบทวนหลักการกำหนด RA/RT และ RA Statement พร้อมสื่อสารให้แก่ผู้มีส่วนได้ส่วนเสีย,ทบทวนหลักการกำหนด RA/RT และ RA Statement,งานบริหารความเสี่ยง / เป็ด,พ.ค.,97,อยู่ระหว่างดำเนินการ,ทบทวนหลักการกำหนด RA/R — พ.ค. (97%),,เป็ด,2026-05-25
M_2.3.1.1,2.,2.3,2.3.1 ทบทวนหลักการกำหนด RA/RT และ RA Statement พร้อมสื่อสารให้แก่ผู้มีส่วนได้ส่วนเสีย,ทบทวนหลักการกำหนด RA/RT และ RA Statement,งานบริหารความเสี่ยง / เป็ด,มิ.ย.,97,อยู่ระหว่างดำเนินการ,ทบทวนหลักการกำหนด RA/R — มิ.ย. (97%),,เป็ด,2026-06-25
M_2.3.1.2,2.,2.3,2.3.1 ทบทวนหลักการกำหนด RA/RT และ RA Statement พร้อมสื่อสารให้แก่ผู้มีส่วนได้ส่วนเสีย,พิจารณาเป้าหมายของ SO Goal KPI,งานบริหารความเสี่ยง / เป็ด,เม.ย.,33,อยู่ระหว่างดำเนินการ,พิจารณาเป้าหมายของ SO  — เม.ย. (33%),,เป็ด,2026-04-25
M_2.3.1.2,2.,2.3,2.3.1 ทบทวนหลักการกำหนด RA/RT และ RA Statement พร้อมสื่อสารให้แก่ผู้มีส่วนได้ส่วนเสีย,พิจารณาเป้าหมายของ SO Goal KPI,งานบริหารความเสี่ยง / เป็ด,พ.ค.,47,อยู่ระหว่างดำเนินการ,พิจารณาเป้าหมายของ SO  — พ.ค. (47%),ติดขั้นตอนอนุมัติ/ประสานงาน,เป็ด,2026-05-25
M_2.3.1.2,2.,2.3,2.3.1 ทบทวนหลักการกำหนด RA/RT และ RA Statement พร้อมสื่อสารให้แก่ผู้มีส่วนได้ส่วนเสีย,พิจารณาเป้าหมายของ SO Goal KPI,งานบริหารความเสี่ยง / เป็ด,มิ.ย.,97,อยู่ระหว่างดำเนินการ,พิจารณาเป้าหมายของ SO  — มิ.ย. (97%),,เป็ด,2026-06-25
M_2.3.1.3,2.,2.3,2.3.1 ทบทวนหลักการกำหนด RA/RT และ RA Statement พร้อมสื่อสารให้แก่ผู้มีส่วนได้ส่วนเสีย,กำหนด RA/RT ให้สอดคล้องกับเป้าหมายขององค์กร และเป้าหมายของแผนแม่บท,งานบริหารความเสี่ยง / เป็ด,พ.ค.,50,อยู่ระหว่างดำเนินการ,กำหนด RA/RT ให้สอดคล้อ — พ.ค. (50%),,เป็ด,2026-05-25
M_2.3.1.3,2.,2.3,2.3.1 ทบทวนหลักการกำหนด RA/RT และ RA Statement พร้อมสื่อสารให้แก่ผู้มีส่วนได้ส่วนเสีย,กำหนด RA/RT ให้สอดคล้องกับเป้าหมายขององค์กร และเป้าหมายของแผนแม่บท,งานบริหารความเสี่ยง / เป็ด,มิ.ย.,94,อยู่ระหว่างดำเนินการ,กำหนด RA/RT ให้สอดคล้อ — มิ.ย. (94%),,เป็ด,2026-06-25
M_2.3.1.4,2.,2.3,2.3.1 ทบทวนหลักการกำหนด RA/RT และ RA Statement พร้อมสื่อสารให้แก่ผู้มีส่วนได้ส่วนเสีย,ชี้แจง RA/RT ให้แผนแม่บท และ สื่อสารให้บุคลากรภายในทราบ,งานบริหารความเสี่ยง / เป็ด,ม.ค.,14,อยู่ระหว่างดำเนินการ,ชี้แจง RA/RT ให้แผนแม่ — ม.ค. (14%),,เป็ด,2026-01-25
M_2.3.1.4,2.,2.3,2.3.1 ทบทวนหลักการกำหนด RA/RT และ RA Statement พร้อมสื่อสารให้แก่ผู้มีส่วนได้ส่วนเสีย,ชี้แจง RA/RT ให้แผนแม่บท และ สื่อสารให้บุคลากรภายในทราบ,งานบริหารความเสี่ยง / เป็ด,ก.พ.,23,อยู่ระหว่างดำเนินการ,ชี้แจง RA/RT ให้แผนแม่ — ก.พ. (23%),,เป็ด,2026-02-25
M_2.3.1.4,2.,2.3,2.3.1 ทบทวนหลักการกำหนด RA/RT และ RA Statement พร้อมสื่อสารให้แก่ผู้มีส่วนได้ส่วนเสีย,ชี้แจง RA/RT ให้แผนแม่บท และ สื่อสารให้บุคลากรภายในทราบ,งานบริหารความเสี่ยง / เป็ด,มี.ค.,23,อยู่ระหว่างดำเนินการ,ชี้แจง RA/RT ให้แผนแม่ — มี.ค. (23%),ติดขั้นตอนอนุมัติ/ประสานงาน,เป็ด,2026-03-25
M_2.3.1.4,2.,2.3,2.3.1 ทบทวนหลักการกำหนด RA/RT และ RA Statement พร้อมสื่อสารให้แก่ผู้มีส่วนได้ส่วนเสีย,ชี้แจง RA/RT ให้แผนแม่บท และ สื่อสารให้บุคลากรภายในทราบ,งานบริหารความเสี่ยง / เป็ด,เม.ย.,62,อยู่ระหว่างดำเนินการ,ชี้แจง RA/RT ให้แผนแม่ — เม.ย. (62%),,เป็ด,2026-04-25
M_2.3.1.4,2.,2.3,2.3.1 ทบทวนหลักการกำหนด RA/RT และ RA Statement พร้อมสื่อสารให้แก่ผู้มีส่วนได้ส่วนเสีย,ชี้แจง RA/RT ให้แผนแม่บท และ สื่อสารให้บุคลากรภายในทราบ,งานบริหารความเสี่ยง / เป็ด,พ.ค.,71,อยู่ระหว่างดำเนินการ,ชี้แจง RA/RT ให้แผนแม่ — พ.ค. (71%),,เป็ด,2026-05-25
M_2.3.1.4,2.,2.3,2.3.1 ทบทวนหลักการกำหนด RA/RT และ RA Statement พร้อมสื่อสารให้แก่ผู้มีส่วนได้ส่วนเสีย,ชี้แจง RA/RT ให้แผนแม่บท และ สื่อสารให้บุคลากรภายในทราบ,งานบริหารความเสี่ยง / เป็ด,มิ.ย.,90,อยู่ระหว่างดำเนินการ,ชี้แจง RA/RT ให้แผนแม่ — มิ.ย. (90%),,เป็ด,2026-06-25
M_2.3.2.1,2.,2.3,2.3.2 ระบุ Emerging Risk เป็นข้อมูลนำเข้าในการวิเคราะห์สภาพแวดล้อม,สรุปข้อมูลผลการดำเนินงานด้านการบริหารความเสี่ยงของปีที่ผ่านมา,งานบริหารความเสี่ยง / เป็ด,ม.ค.,33,อยู่ระหว่างดำเนินการ,สรุปข้อมูลผลการดำเนินง — ม.ค. (33%),,เป็ด,2026-01-25
M_2.3.2.1,2.,2.3,2.3.2 ระบุ Emerging Risk เป็นข้อมูลนำเข้าในการวิเคราะห์สภาพแวดล้อม,สรุปข้อมูลผลการดำเนินงานด้านการบริหารความเสี่ยงของปีที่ผ่านมา,งานบริหารความเสี่ยง / เป็ด,ก.พ.,67,อยู่ระหว่างดำเนินการ,สรุปข้อมูลผลการดำเนินง — ก.พ. (67%),,เป็ด,2026-02-25
M_2.3.2.1,2.,2.3,2.3.2 ระบุ Emerging Risk เป็นข้อมูลนำเข้าในการวิเคราะห์สภาพแวดล้อม,สรุปข้อมูลผลการดำเนินงานด้านการบริหารความเสี่ยงของปีที่ผ่านมา,งานบริหารความเสี่ยง / เป็ด,มี.ค.,100,เสร็จสิ้น,สรุปข้อมูลผลการดำเนินง — มี.ค. (100%),,เป็ด,2026-03-25
M_2.3.2.1,2.,2.3,2.3.2 ระบุ Emerging Risk เป็นข้อมูลนำเข้าในการวิเคราะห์สภาพแวดล้อม,สรุปข้อมูลผลการดำเนินงานด้านการบริหารความเสี่ยงของปีที่ผ่านมา,งานบริหารความเสี่ยง / เป็ด,เม.ย.,100,เสร็จสิ้น,สรุปข้อมูลผลการดำเนินง — เม.ย. (100%),,เป็ด,2026-04-25
M_2.3.2.1,2.,2.3,2.3.2 ระบุ Emerging Risk เป็นข้อมูลนำเข้าในการวิเคราะห์สภาพแวดล้อม,สรุปข้อมูลผลการดำเนินงานด้านการบริหารความเสี่ยงของปีที่ผ่านมา,งานบริหารความเสี่ยง / เป็ด,พ.ค.,100,เสร็จสิ้น,สรุปข้อมูลผลการดำเนินง — พ.ค. (100%),,เป็ด,2026-05-25
M_2.3.2.1,2.,2.3,2.3.2 ระบุ Emerging Risk เป็นข้อมูลนำเข้าในการวิเคราะห์สภาพแวดล้อม,สรุปข้อมูลผลการดำเนินงานด้านการบริหารความเสี่ยงของปีที่ผ่านมา,งานบริหารความเสี่ยง / เป็ด,มิ.ย.,100,เสร็จสิ้น,สรุปข้อมูลผลการดำเนินง — มิ.ย. (100%),,เป็ด,2026-06-25
M_2.3.2.2,2.,2.3,2.3.2 ระบุ Emerging Risk เป็นข้อมูลนำเข้าในการวิเคราะห์สภาพแวดล้อม,วิเคราะห์ข้อมูล Emerging Risk / ESG Risk,งานบริหารความเสี่ยง / เป็ด,ก.พ.,9,อยู่ระหว่างดำเนินการ,วิเคราะห์ข้อมูล Emergi — ก.พ. (9%),,เป็ด,2026-02-25
M_2.3.2.2,2.,2.3,2.3.2 ระบุ Emerging Risk เป็นข้อมูลนำเข้าในการวิเคราะห์สภาพแวดล้อม,วิเคราะห์ข้อมูล Emerging Risk / ESG Risk,งานบริหารความเสี่ยง / เป็ด,มี.ค.,18,อยู่ระหว่างดำเนินการ,วิเคราะห์ข้อมูล Emergi — มี.ค. (18%),,เป็ด,2026-03-25
M_2.3.2.2,2.,2.3,2.3.2 ระบุ Emerging Risk เป็นข้อมูลนำเข้าในการวิเคราะห์สภาพแวดล้อม,วิเคราะห์ข้อมูล Emerging Risk / ESG Risk,งานบริหารความเสี่ยง / เป็ด,เม.ย.,21,อยู่ระหว่างดำเนินการ,วิเคราะห์ข้อมูล Emergi — เม.ย. (21%),,เป็ด,2026-04-25
M_2.3.2.2,2.,2.3,2.3.2 ระบุ Emerging Risk เป็นข้อมูลนำเข้าในการวิเคราะห์สภาพแวดล้อม,วิเคราะห์ข้อมูล Emerging Risk / ESG Risk,งานบริหารความเสี่ยง / เป็ด,พ.ค.,33,อยู่ระหว่างดำเนินการ,วิเคราะห์ข้อมูล Emergi — พ.ค. (33%),,เป็ด,2026-05-25
M_2.3.2.2,2.,2.3,2.3.2 ระบุ Emerging Risk เป็นข้อมูลนำเข้าในการวิเคราะห์สภาพแวดล้อม,วิเคราะห์ข้อมูล Emerging Risk / ESG Risk,งานบริหารความเสี่ยง / เป็ด,มิ.ย.,50,อยู่ระหว่างดำเนินการ,วิเคราะห์ข้อมูล Emergi — มิ.ย. (50%),,เป็ด,2026-06-25
M_2.3.2.3,2.,2.3,2.3.2 ระบุ Emerging Risk เป็นข้อมูลนำเข้าในการวิเคราะห์สภาพแวดล้อม,นำส่งข้อมูลให้ ฝผก. เพื่อเป็นข้อมูลนำเข้าในการวิเคราะห์สภาพแวดล้อม,งานบริหารความเสี่ยง / เป็ด,มี.ค.,85,อยู่ระหว่างดำเนินการ,นำส่งข้อมูลให้ ฝผก. เพ — มี.ค. (85%),ติดขั้นตอนอนุมัติ/ประสานงาน,เป็ด,2026-03-25
M_2.3.2.3,2.,2.3,2.3.2 ระบุ Emerging Risk เป็นข้อมูลนำเข้าในการวิเคราะห์สภาพแวดล้อม,นำส่งข้อมูลให้ ฝผก. เพื่อเป็นข้อมูลนำเข้าในการวิเคราะห์สภาพแวดล้อม,งานบริหารความเสี่ยง / เป็ด,เม.ย.,100,เสร็จสิ้น,นำส่งข้อมูลให้ ฝผก. เพ — เม.ย. (100%),,เป็ด,2026-04-25
M_2.3.2.3,2.,2.3,2.3.2 ระบุ Emerging Risk เป็นข้อมูลนำเข้าในการวิเคราะห์สภาพแวดล้อม,นำส่งข้อมูลให้ ฝผก. เพื่อเป็นข้อมูลนำเข้าในการวิเคราะห์สภาพแวดล้อม,งานบริหารความเสี่ยง / เป็ด,พ.ค.,100,เสร็จสิ้น,นำส่งข้อมูลให้ ฝผก. เพ — พ.ค. (100%),,เป็ด,2026-05-25
M_2.3.2.3,2.,2.3,2.3.2 ระบุ Emerging Risk เป็นข้อมูลนำเข้าในการวิเคราะห์สภาพแวดล้อม,นำส่งข้อมูลให้ ฝผก. เพื่อเป็นข้อมูลนำเข้าในการวิเคราะห์สภาพแวดล้อม,งานบริหารความเสี่ยง / เป็ด,มิ.ย.,100,เสร็จสิ้น,นำส่งข้อมูลให้ ฝผก. เพ — มิ.ย. (100%),,เป็ด,2026-06-25
M_2.3.3.1,2.,2.3,2.3.3 ระบุ Intelligent Risk ที่อาจส่งผลต่อบรรลุเป้าหมายในแต่ละตำแหน่งเชิงยุทธศาสตร์ขององค์กร,วิเคราะห์ Intelligent Risk หรือ วิเคราะห์ความเสี่ยงเพื่อเข้าถึงโอกาสทางธุรกิจ โดยมีการกำหนด Business Model และระบุ Intelligent Risk ที่อาจส่งผลต่อบรรลุเป้าหมายในแต่ละตำแหน่งเชิงยุทธศาสตร์ขององค์กร,งานบริหารความเสี่ยง / เป็ด,เม.ย.,50,อยู่ระหว่างดำเนินการ,วิเคราะห์ Intelligent  — เม.ย. (50%),,เป็ด,2026-04-25
M_2.3.3.1,2.,2.3,2.3.3 ระบุ Intelligent Risk ที่อาจส่งผลต่อบรรลุเป้าหมายในแต่ละตำแหน่งเชิงยุทธศาสตร์ขององค์กร,วิเคราะห์ Intelligent Risk หรือ วิเคราะห์ความเสี่ยงเพื่อเข้าถึงโอกาสทางธุรกิจ โดยมีการกำหนด Business Model และระบุ Intelligent Risk ที่อาจส่งผลต่อบรรลุเป้าหมายในแต่ละตำแหน่งเชิงยุทธศาสตร์ขององค์กร,งานบริหารความเสี่ยง / เป็ด,พ.ค.,100,เสร็จสิ้น,วิเคราะห์ Intelligent  — พ.ค. (100%),,เป็ด,2026-05-25
M_2.3.3.1,2.,2.3,2.3.3 ระบุ Intelligent Risk ที่อาจส่งผลต่อบรรลุเป้าหมายในแต่ละตำแหน่งเชิงยุทธศาสตร์ขององค์กร,วิเคราะห์ Intelligent Risk หรือ วิเคราะห์ความเสี่ยงเพื่อเข้าถึงโอกาสทางธุรกิจ โดยมีการกำหนด Business Model และระบุ Intelligent Risk ที่อาจส่งผลต่อบรรลุเป้าหมายในแต่ละตำแหน่งเชิงยุทธศาสตร์ขององค์กร,งานบริหารความเสี่ยง / เป็ด,มิ.ย.,100,เสร็จสิ้น,วิเคราะห์ Intelligent  — มิ.ย. (100%),,เป็ด,2026-06-25
M_2.3.3.2,2.,2.3,2.3.3 ระบุ Intelligent Risk ที่อาจส่งผลต่อบรรลุเป้าหมายในแต่ละตำแหน่งเชิงยุทธศาสตร์ขององค์กร,"จัดทำข้อมูล Emerging Risk, Intelligent Risk ประกอบเล่มแผนวิสาหกิจการไฟฟ้านครหลวง โดยอาจจัดทำภาคผนวก บทวิเคราะห์ความเสี่ยง แสดงความเชื่อมโยงการบริหารความเสี่ยง (Risk Appetite Intelligent Risk ปัจจัยเสี่ยง SO ความเสี่ยงของเแผนปฏิบัติเชิงยุทธศาสตร์) และการจัดทำแผนยุทธศาสตร์",งานบริหารความเสี่ยง / เป็ด,มิ.ย.,30,อยู่ระหว่างดำเนินการ,จัดทำข้อมูล Emerging R — มิ.ย. (30%),ติดขั้นตอนอนุมัติ/ประสานงาน,เป็ด,2026-06-25
M_2.3.4.1,2.,2.3,2.3.4 ระบุและวิเคราะห์ความเสี่ยงที่อาจส่งผลต่อการบรรลุวัตถุประสงค์เชิงยุทธศาสตร์ (SO),ระบุและวิเคราะห์ความเสี่ยงที่อาจส่งผลต่อการบรรลุวัตถุประสงค์เชิงยุทธศาสตร์ (SO),งานบริหารความเสี่ยง / เป็ด,เม.ย.,13,อยู่ระหว่างดำเนินการ,ระบุและวิเคราะห์ความเส — เม.ย. (13%),ติดขั้นตอนอนุมัติ/ประสานงาน,เป็ด,2026-04-25
M_2.3.4.1,2.,2.3,2.3.4 ระบุและวิเคราะห์ความเสี่ยงที่อาจส่งผลต่อการบรรลุวัตถุประสงค์เชิงยุทธศาสตร์ (SO),ระบุและวิเคราะห์ความเสี่ยงที่อาจส่งผลต่อการบรรลุวัตถุประสงค์เชิงยุทธศาสตร์ (SO),งานบริหารความเสี่ยง / เป็ด,พ.ค.,47,อยู่ระหว่างดำเนินการ,ระบุและวิเคราะห์ความเส — พ.ค. (47%),ติดขั้นตอนอนุมัติ/ประสานงาน,เป็ด,2026-05-25
M_2.3.4.1,2.,2.3,2.3.4 ระบุและวิเคราะห์ความเสี่ยงที่อาจส่งผลต่อการบรรลุวัตถุประสงค์เชิงยุทธศาสตร์ (SO),ระบุและวิเคราะห์ความเสี่ยงที่อาจส่งผลต่อการบรรลุวัตถุประสงค์เชิงยุทธศาสตร์ (SO),งานบริหารความเสี่ยง / เป็ด,มิ.ย.,85,อยู่ระหว่างดำเนินการ,ระบุและวิเคราะห์ความเส — มิ.ย. (85%),ติดขั้นตอนอนุมัติ/ประสานงาน,เป็ด,2026-06-25
M_2.3.5.1,2.,2.3,2.3.5 ทบทวนแบบฟอร์มและเกณฑ์การประเมินความเสี่ยงและ ประสิทธิผลของการควบคุมของแผน AP และแผนแม่บทที่เกี่ยวข้อง,ทบทวนแบบฟอร์มและเกณฑ์การประเมินความเสี่ยง AP และ ประสิทธิผลของการควบคุม และแผนแม่บทที่เกี่ยวข้อง,งานบริหารความเสี่ยง / เป็ด,พ.ค.,33,อยู่ระหว่างดำเนินการ,ทบทวนแบบฟอร์มและเกณฑ์ก — พ.ค. (33%),,เป็ด,2026-05-25
M_2.3.5.1,2.,2.3,2.3.5 ทบทวนแบบฟอร์มและเกณฑ์การประเมินความเสี่ยงและ ประสิทธิผลของการควบคุมของแผน AP และแผนแม่บทที่เกี่ยวข้อง,ทบทวนแบบฟอร์มและเกณฑ์การประเมินความเสี่ยง AP และ ประสิทธิผลของการควบคุม และแผนแม่บทที่เกี่ยวข้อง,งานบริหารความเสี่ยง / เป็ด,มิ.ย.,72,อยู่ระหว่างดำเนินการ,ทบทวนแบบฟอร์มและเกณฑ์ก — มิ.ย. (72%),,เป็ด,2026-06-25
M_2.3.6.1,2.,2.3,2.3.6 สื่อสารแบบฟอร์มการประเมินความเสี่ยง และหลักเกณฑ์การประเมินความเพียงพอของการควบคุมภายใน,สื่อสารแบบฟอร์มการประเมินความเสี่ยง และหลักเกณฑ์การประเมินความเพียงพอของการควบคุมภายใน,งานบริหารความเสี่ยง / เป็ด,มิ.ย.,100,เสร็จสิ้น,สื่อสารแบบฟอร์มการประเ — มิ.ย. (100%),,เป็ด,2026-06-25
M_2.3.6.2,2.,2.3,2.3.6 สื่อสารแบบฟอร์มการประเมินความเสี่ยง และหลักเกณฑ์การประเมินความเพียงพอของการควบคุมภายใน,หน่วยงานเจ้าของแผนฯ วิเคราะห์ ระบุ และประเมินความเสี่ยงของแผนปฏิบัติการ พร้อมกำหนดมาตรการจัดการความเสี่ยง ในกรณีที่ความเสี่ยงอยู่ในระดับที่ไม่สามารถยอมรับได้,งานบริหารความเสี่ยง / เป็ด,มิ.ย.,54,อยู่ระหว่างดำเนินการ,หน่วยงานเจ้าของแผนฯ วิ — มิ.ย. (54%),,เป็ด,2026-06-25
M_2.3.7.1,2.,2.3,2.3.7 ติดตามการวิเคราะห์ ระบุ และประเมินความเสี่ยงของแผนปฏิบัติการ และแผนแม่บทที่เกี่ยวข้อง พร้อมกำหนดมาตรการจัดการความเสี่ยง,ประสานงานกับ AP Owner ในการทบทวนการประเมินความเสี่ยง,งานบริหารความเสี่ยง / เป็ด,มิ.ย.,85,อยู่ระหว่างดำเนินการ,ประสานงานกับ AP Owner  — มิ.ย. (85%),ติดขั้นตอนอนุมัติ/ประสานงาน,เป็ด,2026-06-25
M_2.3.7.2,2.,2.3,2.3.7 ติดตามการวิเคราะห์ ระบุ และประเมินความเสี่ยงของแผนปฏิบัติการ และแผนแม่บทที่เกี่ยวข้อง พร้อมกำหนดมาตรการจัดการความเสี่ยง,ติดตามข้อมูลผลการประเมินฯ และให้ข้อเสนอแนะในการกำหนดมาตรการจัดการความเสี่ยง (ถ้ามี),งานบริหารความเสี่ยง / เป็ด,มิ.ย.,13,อยู่ระหว่างดำเนินการ,ติดตามข้อมูลผลการประเม — มิ.ย. (13%),ติดขั้นตอนอนุมัติ/ประสานงาน,เป็ด,2026-06-25
M_2.4.1.1,2.,2.4,2.4.1 รวบรวม/วิเคราะห์ข้อมูลความเสี่ยง การควบคุม และนำเข้าใน Risk Inventory พร้อมทบทวนเกณฑ์ประเมินการควบคุม,ติดตามสถานการณ์ภายในและภายนอก เพื่อระบุความเสี่ยง,งานบริหารความเสี่ยง,ม.ค.,13,อยู่ระหว่างดำเนินการ,ติดตามสถานการณ์ภายในแล — ม.ค. (13%),,งานบริหารความเสี่ยง,2026-01-25
M_2.4.1.1,2.,2.4,2.4.1 รวบรวม/วิเคราะห์ข้อมูลความเสี่ยง การควบคุม และนำเข้าใน Risk Inventory พร้อมทบทวนเกณฑ์ประเมินการควบคุม,ติดตามสถานการณ์ภายในและภายนอก เพื่อระบุความเสี่ยง,งานบริหารความเสี่ยง,ก.พ.,17,อยู่ระหว่างดำเนินการ,ติดตามสถานการณ์ภายในแล — ก.พ. (17%),,งานบริหารความเสี่ยง,2026-02-25
M_2.4.1.1,2.,2.4,2.4.1 รวบรวม/วิเคราะห์ข้อมูลความเสี่ยง การควบคุม และนำเข้าใน Risk Inventory พร้อมทบทวนเกณฑ์ประเมินการควบคุม,ติดตามสถานการณ์ภายในและภายนอก เพื่อระบุความเสี่ยง,งานบริหารความเสี่ยง,มี.ค.,19,อยู่ระหว่างดำเนินการ,ติดตามสถานการณ์ภายในแล — มี.ค. (19%),,งานบริหารความเสี่ยง,2026-03-25
M_2.4.1.1,2.,2.4,2.4.1 รวบรวม/วิเคราะห์ข้อมูลความเสี่ยง การควบคุม และนำเข้าใน Risk Inventory พร้อมทบทวนเกณฑ์ประเมินการควบคุม,ติดตามสถานการณ์ภายในและภายนอก เพื่อระบุความเสี่ยง,งานบริหารความเสี่ยง,เม.ย.,37,อยู่ระหว่างดำเนินการ,ติดตามสถานการณ์ภายในแล — เม.ย. (37%),,งานบริหารความเสี่ยง,2026-04-25
M_2.4.1.1,2.,2.4,2.4.1 รวบรวม/วิเคราะห์ข้อมูลความเสี่ยง การควบคุม และนำเข้าใน Risk Inventory พร้อมทบทวนเกณฑ์ประเมินการควบคุม,ติดตามสถานการณ์ภายในและภายนอก เพื่อระบุความเสี่ยง,งานบริหารความเสี่ยง,พ.ค.,47,อยู่ระหว่างดำเนินการ,ติดตามสถานการณ์ภายในแล — พ.ค. (47%),,งานบริหารความเสี่ยง,2026-05-25
M_2.4.1.1,2.,2.4,2.4.1 รวบรวม/วิเคราะห์ข้อมูลความเสี่ยง การควบคุม และนำเข้าใน Risk Inventory พร้อมทบทวนเกณฑ์ประเมินการควบคุม,ติดตามสถานการณ์ภายในและภายนอก เพื่อระบุความเสี่ยง,งานบริหารความเสี่ยง,มิ.ย.,50,อยู่ระหว่างดำเนินการ,ติดตามสถานการณ์ภายในแล — มิ.ย. (50%),,งานบริหารความเสี่ยง,2026-06-25
M_2.4.1.2,2.,2.4,2.4.1 รวบรวม/วิเคราะห์ข้อมูลความเสี่ยง การควบคุม และนำเข้าใน Risk Inventory พร้อมทบทวนเกณฑ์ประเมินการควบคุม,นำข้อมูลความเสี่ยงเข้า Risk Inventory,งานบริหารความเสี่ยง,มิ.ย.,10,อยู่ระหว่างดำเนินการ,นำข้อมูลความเสี่ยงเข้า — มิ.ย. (10%),ติดขั้นตอนอนุมัติ/ประสานงาน,งานบริหารความเสี่ยง,2026-06-25
M_2.4.1.3,2.,2.4,2.4.1 รวบรวม/วิเคราะห์ข้อมูลความเสี่ยง การควบคุม และนำเข้าใน Risk Inventory พร้อมทบทวนเกณฑ์ประเมินการควบคุม,ทบทวนเกณฑ์การประเมินความเสี่ยงและการควบคุม,งานบริหารความเสี่ยง,พ.ค.,33,อยู่ระหว่างดำเนินการ,ทบทวนเกณฑ์การประเมินคว — พ.ค. (33%),,งานบริหารความเสี่ยง,2026-05-25
M_2.4.1.3,2.,2.4,2.4.1 รวบรวม/วิเคราะห์ข้อมูลความเสี่ยง การควบคุม และนำเข้าใน Risk Inventory พร้อมทบทวนเกณฑ์ประเมินการควบคุม,ทบทวนเกณฑ์การประเมินความเสี่ยงและการควบคุม,งานบริหารความเสี่ยง,มิ.ย.,52,อยู่ระหว่างดำเนินการ,ทบทวนเกณฑ์การประเมินคว — มิ.ย. (52%),ติดขั้นตอนอนุมัติ/ประสานงาน,งานบริหารความเสี่ยง,2026-06-25
M_2.4.2.1,2.,2.4,2.4.2 คัดเลือกปัจจัยเสี่ยงระดับองค์กร พร้อมวิเคราะห์ Leading / Lagging Indicator ของแต่ละความเสี่ยง,จัดทำข้อมูลการวิเคราะห์ความเสี่ยงระดับองค์กร,งานบริหารความเสี่ยง,มิ.ย.,37,อยู่ระหว่างดำเนินการ,จัดทำข้อมูลการวิเคราะห — มิ.ย. (37%),,งานบริหารความเสี่ยง,2026-06-25
M_2.4.2.2,2.,2.4,2.4.2 คัดเลือกปัจจัยเสี่ยงระดับองค์กร พร้อมวิเคราะห์ Leading / Lagging Indicator ของแต่ละความเสี่ยง,วิเคราะห์ Leading / Lagging Indicator ของแต่ละความเสี่ยง,งานบริหารความเสี่ยง,มิ.ย.,38,อยู่ระหว่างดำเนินการ,วิเคราะห์ Leading / La — มิ.ย. (38%),,งานบริหารความเสี่ยง,2026-06-25
M_2.4.6.1,2.,2.4,2.4.6 ติดตามและรายงานผลการบริหารความเสี่ยงและการควบคุมของความเสี่ยงปีปัจจุบัน,ติดตามและรายงานผลการบริหารความเสี่ยงและการควบคุมของความเสี่ยงปีปัจจุบัน,งานบริหารความเสี่ยง,ม.ค.,12,อยู่ระหว่างดำเนินการ,ติดตามและรายงานผลการบร — ม.ค. (12%),,งานบริหารความเสี่ยง,2026-01-25
M_2.4.6.1,2.,2.4,2.4.6 ติดตามและรายงานผลการบริหารความเสี่ยงและการควบคุมของความเสี่ยงปีปัจจุบัน,ติดตามและรายงานผลการบริหารความเสี่ยงและการควบคุมของความเสี่ยงปีปัจจุบัน,งานบริหารความเสี่ยง,ก.พ.,12,อยู่ระหว่างดำเนินการ,ติดตามและรายงานผลการบร — ก.พ. (12%),,งานบริหารความเสี่ยง,2026-02-25
M_2.4.6.1,2.,2.4,2.4.6 ติดตามและรายงานผลการบริหารความเสี่ยงและการควบคุมของความเสี่ยงปีปัจจุบัน,ติดตามและรายงานผลการบริหารความเสี่ยงและการควบคุมของความเสี่ยงปีปัจจุบัน,งานบริหารความเสี่ยง,มี.ค.,29,อยู่ระหว่างดำเนินการ,ติดตามและรายงานผลการบร — มี.ค. (29%),,งานบริหารความเสี่ยง,2026-03-25
M_2.4.6.1,2.,2.4,2.4.6 ติดตามและรายงานผลการบริหารความเสี่ยงและการควบคุมของความเสี่ยงปีปัจจุบัน,ติดตามและรายงานผลการบริหารความเสี่ยงและการควบคุมของความเสี่ยงปีปัจจุบัน,งานบริหารความเสี่ยง,เม.ย.,29,อยู่ระหว่างดำเนินการ,ติดตามและรายงานผลการบร — เม.ย. (29%),,งานบริหารความเสี่ยง,2026-04-25
M_2.4.6.1,2.,2.4,2.4.6 ติดตามและรายงานผลการบริหารความเสี่ยงและการควบคุมของความเสี่ยงปีปัจจุบัน,ติดตามและรายงานผลการบริหารความเสี่ยงและการควบคุมของความเสี่ยงปีปัจจุบัน,งานบริหารความเสี่ยง,พ.ค.,36,อยู่ระหว่างดำเนินการ,ติดตามและรายงานผลการบร — พ.ค. (36%),,งานบริหารความเสี่ยง,2026-05-25
M_2.4.6.1,2.,2.4,2.4.6 ติดตามและรายงานผลการบริหารความเสี่ยงและการควบคุมของความเสี่ยงปีปัจจุบัน,ติดตามและรายงานผลการบริหารความเสี่ยงและการควบคุมของความเสี่ยงปีปัจจุบัน,งานบริหารความเสี่ยง,มิ.ย.,44,อยู่ระหว่างดำเนินการ,ติดตามและรายงานผลการบร — มิ.ย. (44%),,งานบริหารความเสี่ยง,2026-06-25
M_2.4.6.2,2.,2.4,2.4.6 ติดตามและรายงานผลการบริหารความเสี่ยงและการควบคุมของความเสี่ยงปีปัจจุบัน,นำเข้าข้อมูลเข้า Dashboard,งานบริหารความเสี่ยง,ม.ค.,5,อยู่ระหว่างดำเนินการ,นำเข้าข้อมูลเข้า Dashb — ม.ค. (5%),,งานบริหารความเสี่ยง,2026-01-25
M_2.4.6.2,2.,2.4,2.4.6 ติดตามและรายงานผลการบริหารความเสี่ยงและการควบคุมของความเสี่ยงปีปัจจุบัน,นำเข้าข้อมูลเข้า Dashboard,งานบริหารความเสี่ยง,ก.พ.,11,อยู่ระหว่างดำเนินการ,นำเข้าข้อมูลเข้า Dashb — ก.พ. (11%),,งานบริหารความเสี่ยง,2026-02-25
M_2.4.6.2,2.,2.4,2.4.6 ติดตามและรายงานผลการบริหารความเสี่ยงและการควบคุมของความเสี่ยงปีปัจจุบัน,นำเข้าข้อมูลเข้า Dashboard,งานบริหารความเสี่ยง,มี.ค.,19,อยู่ระหว่างดำเนินการ,นำเข้าข้อมูลเข้า Dashb — มี.ค. (19%),,งานบริหารความเสี่ยง,2026-03-25
M_2.4.6.2,2.,2.4,2.4.6 ติดตามและรายงานผลการบริหารความเสี่ยงและการควบคุมของความเสี่ยงปีปัจจุบัน,นำเข้าข้อมูลเข้า Dashboard,งานบริหารความเสี่ยง,เม.ย.,19,อยู่ระหว่างดำเนินการ,นำเข้าข้อมูลเข้า Dashb — เม.ย. (19%),,งานบริหารความเสี่ยง,2026-04-25
M_2.4.6.2,2.,2.4,2.4.6 ติดตามและรายงานผลการบริหารความเสี่ยงและการควบคุมของความเสี่ยงปีปัจจุบัน,นำเข้าข้อมูลเข้า Dashboard,งานบริหารความเสี่ยง,พ.ค.,46,อยู่ระหว่างดำเนินการ,นำเข้าข้อมูลเข้า Dashb — พ.ค. (46%),,งานบริหารความเสี่ยง,2026-05-25
M_2.4.6.2,2.,2.4,2.4.6 ติดตามและรายงานผลการบริหารความเสี่ยงและการควบคุมของความเสี่ยงปีปัจจุบัน,นำเข้าข้อมูลเข้า Dashboard,งานบริหารความเสี่ยง,มิ.ย.,50,อยู่ระหว่างดำเนินการ,นำเข้าข้อมูลเข้า Dashb — มิ.ย. (50%),,งานบริหารความเสี่ยง,2026-06-25
M_2.4.6.3,2.,2.4,2.4.6 ติดตามและรายงานผลการบริหารความเสี่ยงและการควบคุมของความเสี่ยงปีปัจจุบัน,จัดทำวิเคราะห์ผลการดำเนินงานการบริหารความเสี่ยง รายไตรมาส และรายปี,งานบริหารความเสี่ยง,เม.ย.,25,อยู่ระหว่างดำเนินการ,จัดทำวิเคราะห์ผลการดำเ — เม.ย. (25%),,งานบริหารความเสี่ยง,2026-04-25
M_2.4.6.3,2.,2.4,2.4.6 ติดตามและรายงานผลการบริหารความเสี่ยงและการควบคุมของความเสี่ยงปีปัจจุบัน,จัดทำวิเคราะห์ผลการดำเนินงานการบริหารความเสี่ยง รายไตรมาส และรายปี,งานบริหารความเสี่ยง,พ.ค.,25,อยู่ระหว่างดำเนินการ,จัดทำวิเคราะห์ผลการดำเ — พ.ค. (25%),,งานบริหารความเสี่ยง,2026-05-25
M_2.4.6.3,2.,2.4,2.4.6 ติดตามและรายงานผลการบริหารความเสี่ยงและการควบคุมของความเสี่ยงปีปัจจุบัน,จัดทำวิเคราะห์ผลการดำเนินงานการบริหารความเสี่ยง รายไตรมาส และรายปี,งานบริหารความเสี่ยง,มิ.ย.,25,อยู่ระหว่างดำเนินการ,จัดทำวิเคราะห์ผลการดำเ — มิ.ย. (25%),,งานบริหารความเสี่ยง,2026-06-25
M_2.4.7.1,2.,2.4,2.4.7 พัฒนาระบบเทคโนโลยีดิจิทัลเพื่อสนับสนุนกระบวนการบริหารความเสี่ยง และระบบเตือนภัยล่วงหน้า,ร่วมกับ ฝผก. กำหนดขั้นตอนและจัดทำระบบในการแจ้งเตือนภัยล่วงหน้าสำหรับแผน AP นำร่อง,งานบริหารความเสี่ยง,ม.ค.,0,ยังไม่ดำเนินการ,ร่วมกับ ฝผก. กำหนดขั้น — ม.ค. (0%),,งานบริหารความเสี่ยง,2026-01-25
M_2.4.7.1,2.,2.4,2.4.7 พัฒนาระบบเทคโนโลยีดิจิทัลเพื่อสนับสนุนกระบวนการบริหารความเสี่ยง และระบบเตือนภัยล่วงหน้า,ร่วมกับ ฝผก. กำหนดขั้นตอนและจัดทำระบบในการแจ้งเตือนภัยล่วงหน้าสำหรับแผน AP นำร่อง,งานบริหารความเสี่ยง,ก.พ.,11,อยู่ระหว่างดำเนินการ,ร่วมกับ ฝผก. กำหนดขั้น — ก.พ. (11%),,งานบริหารความเสี่ยง,2026-02-25
M_2.4.7.1,2.,2.4,2.4.7 พัฒนาระบบเทคโนโลยีดิจิทัลเพื่อสนับสนุนกระบวนการบริหารความเสี่ยง และระบบเตือนภัยล่วงหน้า,ร่วมกับ ฝผก. กำหนดขั้นตอนและจัดทำระบบในการแจ้งเตือนภัยล่วงหน้าสำหรับแผน AP นำร่อง,งานบริหารความเสี่ยง,มี.ค.,29,อยู่ระหว่างดำเนินการ,ร่วมกับ ฝผก. กำหนดขั้น — มี.ค. (29%),,งานบริหารความเสี่ยง,2026-03-25
M_2.4.7.1,2.,2.4,2.4.7 พัฒนาระบบเทคโนโลยีดิจิทัลเพื่อสนับสนุนกระบวนการบริหารความเสี่ยง และระบบเตือนภัยล่วงหน้า,ร่วมกับ ฝผก. กำหนดขั้นตอนและจัดทำระบบในการแจ้งเตือนภัยล่วงหน้าสำหรับแผน AP นำร่อง,งานบริหารความเสี่ยง,เม.ย.,29,อยู่ระหว่างดำเนินการ,ร่วมกับ ฝผก. กำหนดขั้น — เม.ย. (29%),,งานบริหารความเสี่ยง,2026-04-25
M_2.4.7.1,2.,2.4,2.4.7 พัฒนาระบบเทคโนโลยีดิจิทัลเพื่อสนับสนุนกระบวนการบริหารความเสี่ยง และระบบเตือนภัยล่วงหน้า,ร่วมกับ ฝผก. กำหนดขั้นตอนและจัดทำระบบในการแจ้งเตือนภัยล่วงหน้าสำหรับแผน AP นำร่อง,งานบริหารความเสี่ยง,พ.ค.,46,อยู่ระหว่างดำเนินการ,ร่วมกับ ฝผก. กำหนดขั้น — พ.ค. (46%),,งานบริหารความเสี่ยง,2026-05-25
M_2.4.7.1,2.,2.4,2.4.7 พัฒนาระบบเทคโนโลยีดิจิทัลเพื่อสนับสนุนกระบวนการบริหารความเสี่ยง และระบบเตือนภัยล่วงหน้า,ร่วมกับ ฝผก. กำหนดขั้นตอนและจัดทำระบบในการแจ้งเตือนภัยล่วงหน้าสำหรับแผน AP นำร่อง,งานบริหารความเสี่ยง,มิ.ย.,54,อยู่ระหว่างดำเนินการ,ร่วมกับ ฝผก. กำหนดขั้น — มิ.ย. (54%),,งานบริหารความเสี่ยง,2026-06-25
M_2.5.1.1,2.,2.5,2.5.1 วิเคราะห์ผลกระทบทางธุรกิจ ประเมินความเสี่ยง ทบทวนกลยุทธ์ และ BCP,ทบทวนแบบฟอร์มและขั้นตอนการวิเคราะห์ผลกระทบทางธุรกิจและประเมินความเสี่ยง,งานบริหารความเสี่ยง,ม.ค.,33,อยู่ระหว่างดำเนินการ,ทบทวนแบบฟอร์มและขั้นตอ — ม.ค. (33%),,งานบริหารความเสี่ยง,2026-01-25
M_2.5.1.1,2.,2.5,2.5.1 วิเคราะห์ผลกระทบทางธุรกิจ ประเมินความเสี่ยง ทบทวนกลยุทธ์ และ BCP,ทบทวนแบบฟอร์มและขั้นตอนการวิเคราะห์ผลกระทบทางธุรกิจและประเมินความเสี่ยง,งานบริหารความเสี่ยง,ก.พ.,61,อยู่ระหว่างดำเนินการ,ทบทวนแบบฟอร์มและขั้นตอ — ก.พ. (61%),,งานบริหารความเสี่ยง,2026-02-25
M_2.5.1.1,2.,2.5,2.5.1 วิเคราะห์ผลกระทบทางธุรกิจ ประเมินความเสี่ยง ทบทวนกลยุทธ์ และ BCP,ทบทวนแบบฟอร์มและขั้นตอนการวิเคราะห์ผลกระทบทางธุรกิจและประเมินความเสี่ยง,งานบริหารความเสี่ยง,มี.ค.,100,เสร็จสิ้น,ทบทวนแบบฟอร์มและขั้นตอ — มี.ค. (100%),,งานบริหารความเสี่ยง,2026-03-25
M_2.5.1.1,2.,2.5,2.5.1 วิเคราะห์ผลกระทบทางธุรกิจ ประเมินความเสี่ยง ทบทวนกลยุทธ์ และ BCP,ทบทวนแบบฟอร์มและขั้นตอนการวิเคราะห์ผลกระทบทางธุรกิจและประเมินความเสี่ยง,งานบริหารความเสี่ยง,เม.ย.,100,เสร็จสิ้น,ทบทวนแบบฟอร์มและขั้นตอ — เม.ย. (100%),,งานบริหารความเสี่ยง,2026-04-25
M_2.5.1.1,2.,2.5,2.5.1 วิเคราะห์ผลกระทบทางธุรกิจ ประเมินความเสี่ยง ทบทวนกลยุทธ์ และ BCP,ทบทวนแบบฟอร์มและขั้นตอนการวิเคราะห์ผลกระทบทางธุรกิจและประเมินความเสี่ยง,งานบริหารความเสี่ยง,พ.ค.,100,เสร็จสิ้น,ทบทวนแบบฟอร์มและขั้นตอ — พ.ค. (100%),,งานบริหารความเสี่ยง,2026-05-25
M_2.5.1.1,2.,2.5,2.5.1 วิเคราะห์ผลกระทบทางธุรกิจ ประเมินความเสี่ยง ทบทวนกลยุทธ์ และ BCP,ทบทวนแบบฟอร์มและขั้นตอนการวิเคราะห์ผลกระทบทางธุรกิจและประเมินความเสี่ยง,งานบริหารความเสี่ยง,มิ.ย.,100,เสร็จสิ้น,ทบทวนแบบฟอร์มและขั้นตอ — มิ.ย. (100%),,งานบริหารความเสี่ยง,2026-06-25
M_2.5.1.2,2.,2.5,2.5.1 วิเคราะห์ผลกระทบทางธุรกิจ ประเมินความเสี่ยง ทบทวนกลยุทธ์ และ BCP,จัดการประชุมเชิงปฏิบัติการร่วมกับหน่วยงานเพื่อวิเคราะห์และประเมินฯ และทบทวนกลยุทธ์,งานบริหารความเสี่ยง,มี.ค.,37,อยู่ระหว่างดำเนินการ,จัดการประชุมเชิงปฏิบัต — มี.ค. (37%),,งานบริหารความเสี่ยง,2026-03-25
M_2.5.1.2,2.,2.5,2.5.1 วิเคราะห์ผลกระทบทางธุรกิจ ประเมินความเสี่ยง ทบทวนกลยุทธ์ และ BCP,จัดการประชุมเชิงปฏิบัติการร่วมกับหน่วยงานเพื่อวิเคราะห์และประเมินฯ และทบทวนกลยุทธ์,งานบริหารความเสี่ยง,เม.ย.,61,อยู่ระหว่างดำเนินการ,จัดการประชุมเชิงปฏิบัต — เม.ย. (61%),,งานบริหารความเสี่ยง,2026-04-25
M_2.5.1.2,2.,2.5,2.5.1 วิเคราะห์ผลกระทบทางธุรกิจ ประเมินความเสี่ยง ทบทวนกลยุทธ์ และ BCP,จัดการประชุมเชิงปฏิบัติการร่วมกับหน่วยงานเพื่อวิเคราะห์และประเมินฯ และทบทวนกลยุทธ์,งานบริหารความเสี่ยง,พ.ค.,80,อยู่ระหว่างดำเนินการ,จัดการประชุมเชิงปฏิบัต — พ.ค. (80%),ติดขั้นตอนอนุมัติ/ประสานงาน,งานบริหารความเสี่ยง,2026-05-25
M_2.5.1.2,2.,2.5,2.5.1 วิเคราะห์ผลกระทบทางธุรกิจ ประเมินความเสี่ยง ทบทวนกลยุทธ์ และ BCP,จัดการประชุมเชิงปฏิบัติการร่วมกับหน่วยงานเพื่อวิเคราะห์และประเมินฯ และทบทวนกลยุทธ์,งานบริหารความเสี่ยง,มิ.ย.,100,เสร็จสิ้น,จัดการประชุมเชิงปฏิบัต — มิ.ย. (100%),,งานบริหารความเสี่ยง,2026-06-25
M_2.5.1.3,2.,2.5,2.5.1 วิเคราะห์ผลกระทบทางธุรกิจ ประเมินความเสี่ยง ทบทวนกลยุทธ์ และ BCP,รวบรวมข้อมูลผลการวิเคราะห์/ประเมิน นำเสนอผู้บริหาร,งานบริหารความเสี่ยง,พ.ค.,13,อยู่ระหว่างดำเนินการ,รวบรวมข้อมูลผลการวิเคร — พ.ค. (13%),ติดขั้นตอนอนุมัติ/ประสานงาน,งานบริหารความเสี่ยง,2026-05-25
M_2.5.1.3,2.,2.5,2.5.1 วิเคราะห์ผลกระทบทางธุรกิจ ประเมินความเสี่ยง ทบทวนกลยุทธ์ และ BCP,รวบรวมข้อมูลผลการวิเคราะห์/ประเมิน นำเสนอผู้บริหาร,งานบริหารความเสี่ยง,มิ.ย.,71,อยู่ระหว่างดำเนินการ,รวบรวมข้อมูลผลการวิเคร — มิ.ย. (71%),,งานบริหารความเสี่ยง,2026-06-25
M_2.5.2.1,2.,2.5,2.5.2 ติดตามและเข้าร่วมฝึกซ้อม BCP ของหน่วยงาน,แจ้งหน่วยงานกำหนดแผนการฝึกซ้อมประจำปี,งานบริหารความเสี่ยง,มี.ค.,100,เสร็จสิ้น,แจ้งหน่วยงานกำหนดแผนกา — มี.ค. (100%),,งานบริหารความเสี่ยง,2026-03-25
M_2.5.2.1,2.,2.5,2.5.2 ติดตามและเข้าร่วมฝึกซ้อม BCP ของหน่วยงาน,แจ้งหน่วยงานกำหนดแผนการฝึกซ้อมประจำปี,งานบริหารความเสี่ยง,เม.ย.,100,เสร็จสิ้น,แจ้งหน่วยงานกำหนดแผนกา — เม.ย. (100%),,งานบริหารความเสี่ยง,2026-04-25
M_2.5.2.1,2.,2.5,2.5.2 ติดตามและเข้าร่วมฝึกซ้อม BCP ของหน่วยงาน,แจ้งหน่วยงานกำหนดแผนการฝึกซ้อมประจำปี,งานบริหารความเสี่ยง,พ.ค.,100,เสร็จสิ้น,แจ้งหน่วยงานกำหนดแผนกา — พ.ค. (100%),,งานบริหารความเสี่ยง,2026-05-25
M_2.5.2.1,2.,2.5,2.5.2 ติดตามและเข้าร่วมฝึกซ้อม BCP ของหน่วยงาน,แจ้งหน่วยงานกำหนดแผนการฝึกซ้อมประจำปี,งานบริหารความเสี่ยง,มิ.ย.,100,เสร็จสิ้น,แจ้งหน่วยงานกำหนดแผนกา — มิ.ย. (100%),,งานบริหารความเสี่ยง,2026-06-25
M_2.5.2.2,2.,2.5,2.5.2 ติดตามและเข้าร่วมฝึกซ้อม BCP ของหน่วยงาน,รวบรวบแผนการฝึกซ้อมและวิเคราะห์ความจำเป็นในการเข้าร่วมสังเกตการณ์การฝึกซ้อม,งานบริหารความเสี่ยง,เม.ย.,80,อยู่ระหว่างดำเนินการ,รวบรวบแผนการฝึกซ้อมและ — เม.ย. (80%),ติดขั้นตอนอนุมัติ/ประสานงาน,งานบริหารความเสี่ยง,2026-04-25
M_2.5.2.2,2.,2.5,2.5.2 ติดตามและเข้าร่วมฝึกซ้อม BCP ของหน่วยงาน,รวบรวบแผนการฝึกซ้อมและวิเคราะห์ความจำเป็นในการเข้าร่วมสังเกตการณ์การฝึกซ้อม,งานบริหารความเสี่ยง,พ.ค.,100,เสร็จสิ้น,รวบรวบแผนการฝึกซ้อมและ — พ.ค. (100%),,งานบริหารความเสี่ยง,2026-05-25
M_2.5.2.2,2.,2.5,2.5.2 ติดตามและเข้าร่วมฝึกซ้อม BCP ของหน่วยงาน,รวบรวบแผนการฝึกซ้อมและวิเคราะห์ความจำเป็นในการเข้าร่วมสังเกตการณ์การฝึกซ้อม,งานบริหารความเสี่ยง,มิ.ย.,100,เสร็จสิ้น,รวบรวบแผนการฝึกซ้อมและ — มิ.ย. (100%),,งานบริหารความเสี่ยง,2026-06-25
M_2.5.2.3,2.,2.5,2.5.2 ติดตามและเข้าร่วมฝึกซ้อม BCP ของหน่วยงาน,เข้าร่วมสังเกตการณ์การฝึกซ้อมตามที่กำหนด,งานบริหารความเสี่ยง,เม.ย.,15,อยู่ระหว่างดำเนินการ,เข้าร่วมสังเกตการณ์การ — เม.ย. (15%),,งานบริหารความเสี่ยง,2026-04-25
M_2.5.2.3,2.,2.5,2.5.2 ติดตามและเข้าร่วมฝึกซ้อม BCP ของหน่วยงาน,เข้าร่วมสังเกตการณ์การฝึกซ้อมตามที่กำหนด,งานบริหารความเสี่ยง,พ.ค.,22,อยู่ระหว่างดำเนินการ,เข้าร่วมสังเกตการณ์การ — พ.ค. (22%),,งานบริหารความเสี่ยง,2026-05-25
M_2.5.2.3,2.,2.5,2.5.2 ติดตามและเข้าร่วมฝึกซ้อม BCP ของหน่วยงาน,เข้าร่วมสังเกตการณ์การฝึกซ้อมตามที่กำหนด,งานบริหารความเสี่ยง,มิ.ย.,30,อยู่ระหว่างดำเนินการ,เข้าร่วมสังเกตการณ์การ — มิ.ย. (30%),,งานบริหารความเสี่ยง,2026-06-25
M_2.5.2.4,2.,2.5,2.5.2 ติดตามและเข้าร่วมฝึกซ้อม BCP ของหน่วยงาน,สรุปผลการสังเกตการณ์ฝึกซ้อมและรายงานแก่ผู้ที่เกี่ยวข้อง,งานบริหารความเสี่ยง,เม.ย.,0,ยังไม่ดำเนินการ,สรุปผลการสังเกตการณ์ฝึ — เม.ย. (0%),,งานบริหารความเสี่ยง,2026-04-25
M_2.5.2.4,2.,2.5,2.5.2 ติดตามและเข้าร่วมฝึกซ้อม BCP ของหน่วยงาน,สรุปผลการสังเกตการณ์ฝึกซ้อมและรายงานแก่ผู้ที่เกี่ยวข้อง,งานบริหารความเสี่ยง,พ.ค.,19,อยู่ระหว่างดำเนินการ,สรุปผลการสังเกตการณ์ฝึ — พ.ค. (19%),,งานบริหารความเสี่ยง,2026-05-25
M_2.5.2.4,2.,2.5,2.5.2 ติดตามและเข้าร่วมฝึกซ้อม BCP ของหน่วยงาน,สรุปผลการสังเกตการณ์ฝึกซ้อมและรายงานแก่ผู้ที่เกี่ยวข้อง,งานบริหารความเสี่ยง,มิ.ย.,33,อยู่ระหว่างดำเนินการ,สรุปผลการสังเกตการณ์ฝึ — มิ.ย. (33%),,งานบริหารความเสี่ยง,2026-06-25
M_2.5.3.1,2.,2.5,2.5.3 ฝึกซ้อมสถานการณ์ใหญ่,รวบรวมและวิเคราะห์ข้อมูลเพื่อกำหนดสถานการณ์ในการฝึกซ้อม,งานบริหารความเสี่ยง,มี.ค.,100,เสร็จสิ้น,รวบรวมและวิเคราะห์ข้อม — มี.ค. (100%),,งานบริหารความเสี่ยง,2026-03-25
M_2.5.3.1,2.,2.5,2.5.3 ฝึกซ้อมสถานการณ์ใหญ่,รวบรวมและวิเคราะห์ข้อมูลเพื่อกำหนดสถานการณ์ในการฝึกซ้อม,งานบริหารความเสี่ยง,เม.ย.,100,เสร็จสิ้น,รวบรวมและวิเคราะห์ข้อม — เม.ย. (100%),,งานบริหารความเสี่ยง,2026-04-25
M_2.5.3.1,2.,2.5,2.5.3 ฝึกซ้อมสถานการณ์ใหญ่,รวบรวมและวิเคราะห์ข้อมูลเพื่อกำหนดสถานการณ์ในการฝึกซ้อม,งานบริหารความเสี่ยง,พ.ค.,100,เสร็จสิ้น,รวบรวมและวิเคราะห์ข้อม — พ.ค. (100%),,งานบริหารความเสี่ยง,2026-05-25
M_2.5.3.1,2.,2.5,2.5.3 ฝึกซ้อมสถานการณ์ใหญ่,รวบรวมและวิเคราะห์ข้อมูลเพื่อกำหนดสถานการณ์ในการฝึกซ้อม,งานบริหารความเสี่ยง,มิ.ย.,100,เสร็จสิ้น,รวบรวมและวิเคราะห์ข้อม — มิ.ย. (100%),,งานบริหารความเสี่ยง,2026-06-25
M_2.5.3.2,2.,2.5,2.5.3 ฝึกซ้อมสถานการณ์ใหญ่,จัดทำแผนการฝึกซ้อมสถานการณ์ใหญ่นำเสนอผู้ที่เกี่ยวข้อง,งานบริหารความเสี่ยง,มี.ค.,55,อยู่ระหว่างดำเนินการ,จัดทำแผนการฝึกซ้อมสถาน — มี.ค. (55%),,งานบริหารความเสี่ยง,2026-03-25
M_2.5.3.2,2.,2.5,2.5.3 ฝึกซ้อมสถานการณ์ใหญ่,จัดทำแผนการฝึกซ้อมสถานการณ์ใหญ่นำเสนอผู้ที่เกี่ยวข้อง,งานบริหารความเสี่ยง,เม.ย.,80,อยู่ระหว่างดำเนินการ,จัดทำแผนการฝึกซ้อมสถาน — เม.ย. (80%),ติดขั้นตอนอนุมัติ/ประสานงาน,งานบริหารความเสี่ยง,2026-04-25
M_2.5.3.2,2.,2.5,2.5.3 ฝึกซ้อมสถานการณ์ใหญ่,จัดทำแผนการฝึกซ้อมสถานการณ์ใหญ่นำเสนอผู้ที่เกี่ยวข้อง,งานบริหารความเสี่ยง,พ.ค.,100,เสร็จสิ้น,จัดทำแผนการฝึกซ้อมสถาน — พ.ค. (100%),,งานบริหารความเสี่ยง,2026-05-25
M_2.5.3.2,2.,2.5,2.5.3 ฝึกซ้อมสถานการณ์ใหญ่,จัดทำแผนการฝึกซ้อมสถานการณ์ใหญ่นำเสนอผู้ที่เกี่ยวข้อง,งานบริหารความเสี่ยง,มิ.ย.,100,เสร็จสิ้น,จัดทำแผนการฝึกซ้อมสถาน — มิ.ย. (100%),,งานบริหารความเสี่ยง,2026-06-25
M_2.5.3.3,2.,2.5,2.5.3 ฝึกซ้อมสถานการณ์ใหญ่,ประชุม/ประสานงานกับหน่วยงานที่เกี่ยวข้องเพื่อเตรียมการฝึกซ้อม,งานบริหารความเสี่ยง,เม.ย.,21,อยู่ระหว่างดำเนินการ,ประชุม/ประสานงานกับหน่ — เม.ย. (21%),,งานบริหารความเสี่ยง,2026-04-25
M_2.5.3.3,2.,2.5,2.5.3 ฝึกซ้อมสถานการณ์ใหญ่,ประชุม/ประสานงานกับหน่วยงานที่เกี่ยวข้องเพื่อเตรียมการฝึกซ้อม,งานบริหารความเสี่ยง,พ.ค.,38,อยู่ระหว่างดำเนินการ,ประชุม/ประสานงานกับหน่ — พ.ค. (38%),,งานบริหารความเสี่ยง,2026-05-25
M_2.5.3.3,2.,2.5,2.5.3 ฝึกซ้อมสถานการณ์ใหญ่,ประชุม/ประสานงานกับหน่วยงานที่เกี่ยวข้องเพื่อเตรียมการฝึกซ้อม,งานบริหารความเสี่ยง,มิ.ย.,55,อยู่ระหว่างดำเนินการ,ประชุม/ประสานงานกับหน่ — มิ.ย. (55%),,งานบริหารความเสี่ยง,2026-06-25
M_2.5.4.1,2.,2.5,2.5.4 สร้างความตระหนักและสื่อสารข้อมูลเกี่ยวกับการบริหารความต่อเนื่องทางธุรกิจ,รวบรวมข้อมูลบทเรียนจากสถานการณ์จริง/การอบรมต่าง ๆ,งานบริหารความเสี่ยง,ม.ค.,10,อยู่ระหว่างดำเนินการ,รวบรวมข้อมูลบทเรียนจาก — ม.ค. (10%),,งานบริหารความเสี่ยง,2026-01-25
M_2.5.4.1,2.,2.5,2.5.4 สร้างความตระหนักและสื่อสารข้อมูลเกี่ยวกับการบริหารความต่อเนื่องทางธุรกิจ,รวบรวมข้อมูลบทเรียนจากสถานการณ์จริง/การอบรมต่าง ๆ,งานบริหารความเสี่ยง,ก.พ.,20,อยู่ระหว่างดำเนินการ,รวบรวมข้อมูลบทเรียนจาก — ก.พ. (20%),,งานบริหารความเสี่ยง,2026-02-25
M_2.5.4.1,2.,2.5,2.5.4 สร้างความตระหนักและสื่อสารข้อมูลเกี่ยวกับการบริหารความต่อเนื่องทางธุรกิจ,รวบรวมข้อมูลบทเรียนจากสถานการณ์จริง/การอบรมต่าง ๆ,งานบริหารความเสี่ยง,มี.ค.,30,อยู่ระหว่างดำเนินการ,รวบรวมข้อมูลบทเรียนจาก — มี.ค. (30%),,งานบริหารความเสี่ยง,2026-03-25
M_2.5.4.1,2.,2.5,2.5.4 สร้างความตระหนักและสื่อสารข้อมูลเกี่ยวกับการบริหารความต่อเนื่องทางธุรกิจ,รวบรวมข้อมูลบทเรียนจากสถานการณ์จริง/การอบรมต่าง ๆ,งานบริหารความเสี่ยง,เม.ย.,45,อยู่ระหว่างดำเนินการ,รวบรวมข้อมูลบทเรียนจาก — เม.ย. (45%),,งานบริหารความเสี่ยง,2026-04-25
M_2.5.4.1,2.,2.5,2.5.4 สร้างความตระหนักและสื่อสารข้อมูลเกี่ยวกับการบริหารความต่อเนื่องทางธุรกิจ,รวบรวมข้อมูลบทเรียนจากสถานการณ์จริง/การอบรมต่าง ๆ,งานบริหารความเสี่ยง,พ.ค.,47,อยู่ระหว่างดำเนินการ,รวบรวมข้อมูลบทเรียนจาก — พ.ค. (47%),,งานบริหารความเสี่ยง,2026-05-25
M_2.5.4.1,2.,2.5,2.5.4 สร้างความตระหนักและสื่อสารข้อมูลเกี่ยวกับการบริหารความต่อเนื่องทางธุรกิจ,รวบรวมข้อมูลบทเรียนจากสถานการณ์จริง/การอบรมต่าง ๆ,งานบริหารความเสี่ยง,มิ.ย.,54,อยู่ระหว่างดำเนินการ,รวบรวมข้อมูลบทเรียนจาก — มิ.ย. (54%),,งานบริหารความเสี่ยง,2026-06-25
M_2.5.4.2,2.,2.5,2.5.4 สร้างความตระหนักและสื่อสารข้อมูลเกี่ยวกับการบริหารความต่อเนื่องทางธุรกิจ,จัดทำบทวิเคราะห์/ข้อมูลเผยแพร่แก่กลุ่มเป้าหมาย,งานบริหารความเสี่ยง,ก.พ.,4,อยู่ระหว่างดำเนินการ,จัดทำบทวิเคราะห์/ข้อมู — ก.พ. (4%),,งานบริหารความเสี่ยง,2026-02-25
M_2.5.4.2,2.,2.5,2.5.4 สร้างความตระหนักและสื่อสารข้อมูลเกี่ยวกับการบริหารความต่อเนื่องทางธุรกิจ,จัดทำบทวิเคราะห์/ข้อมูลเผยแพร่แก่กลุ่มเป้าหมาย,งานบริหารความเสี่ยง,มี.ค.,20,อยู่ระหว่างดำเนินการ,จัดทำบทวิเคราะห์/ข้อมู — มี.ค. (20%),,งานบริหารความเสี่ยง,2026-03-25
M_2.5.4.2,2.,2.5,2.5.4 สร้างความตระหนักและสื่อสารข้อมูลเกี่ยวกับการบริหารความต่อเนื่องทางธุรกิจ,จัดทำบทวิเคราะห์/ข้อมูลเผยแพร่แก่กลุ่มเป้าหมาย,งานบริหารความเสี่ยง,เม.ย.,20,อยู่ระหว่างดำเนินการ,จัดทำบทวิเคราะห์/ข้อมู — เม.ย. (20%),,งานบริหารความเสี่ยง,2026-04-25
M_2.5.4.2,2.,2.5,2.5.4 สร้างความตระหนักและสื่อสารข้อมูลเกี่ยวกับการบริหารความต่อเนื่องทางธุรกิจ,จัดทำบทวิเคราะห์/ข้อมูลเผยแพร่แก่กลุ่มเป้าหมาย,งานบริหารความเสี่ยง,พ.ค.,34,อยู่ระหว่างดำเนินการ,จัดทำบทวิเคราะห์/ข้อมู — พ.ค. (34%),,งานบริหารความเสี่ยง,2026-05-25
M_2.5.4.2,2.,2.5,2.5.4 สร้างความตระหนักและสื่อสารข้อมูลเกี่ยวกับการบริหารความต่อเนื่องทางธุรกิจ,จัดทำบทวิเคราะห์/ข้อมูลเผยแพร่แก่กลุ่มเป้าหมาย,งานบริหารความเสี่ยง,มิ.ย.,35,อยู่ระหว่างดำเนินการ,จัดทำบทวิเคราะห์/ข้อมู — มิ.ย. (35%),ติดขั้นตอนอนุมัติ/ประสานงาน,งานบริหารความเสี่ยง,2026-06-25
M_2.5.4.3,2.,2.5,2.5.4 สร้างความตระหนักและสื่อสารข้อมูลเกี่ยวกับการบริหารความต่อเนื่องทางธุรกิจ,ดำเนินการสื่อสารตามช่องทางที่กำหนด,งานบริหารความเสี่ยง,ก.พ.,4,อยู่ระหว่างดำเนินการ,ดำเนินการสื่อสารตามช่อ — ก.พ. (4%),,งานบริหารความเสี่ยง,2026-02-25
M_2.5.4.3,2.,2.5,2.5.4 สร้างความตระหนักและสื่อสารข้อมูลเกี่ยวกับการบริหารความต่อเนื่องทางธุรกิจ,ดำเนินการสื่อสารตามช่องทางที่กำหนด,งานบริหารความเสี่ยง,มี.ค.,24,อยู่ระหว่างดำเนินการ,ดำเนินการสื่อสารตามช่อ — มี.ค. (24%),,งานบริหารความเสี่ยง,2026-03-25
M_2.5.4.3,2.,2.5,2.5.4 สร้างความตระหนักและสื่อสารข้อมูลเกี่ยวกับการบริหารความต่อเนื่องทางธุรกิจ,ดำเนินการสื่อสารตามช่องทางที่กำหนด,งานบริหารความเสี่ยง,เม.ย.,24,อยู่ระหว่างดำเนินการ,ดำเนินการสื่อสารตามช่อ — เม.ย. (24%),,งานบริหารความเสี่ยง,2026-04-25
M_2.5.4.3,2.,2.5,2.5.4 สร้างความตระหนักและสื่อสารข้อมูลเกี่ยวกับการบริหารความต่อเนื่องทางธุรกิจ,ดำเนินการสื่อสารตามช่องทางที่กำหนด,งานบริหารความเสี่ยง,พ.ค.,37,อยู่ระหว่างดำเนินการ,ดำเนินการสื่อสารตามช่อ — พ.ค. (37%),,งานบริหารความเสี่ยง,2026-05-25
M_2.5.4.3,2.,2.5,2.5.4 สร้างความตระหนักและสื่อสารข้อมูลเกี่ยวกับการบริหารความต่อเนื่องทางธุรกิจ,ดำเนินการสื่อสารตามช่องทางที่กำหนด,งานบริหารความเสี่ยง,มิ.ย.,55,อยู่ระหว่างดำเนินการ,ดำเนินการสื่อสารตามช่อ — มิ.ย. (55%),,งานบริหารความเสี่ยง,2026-06-25
P_3.1,3.,3.1,3.1 ปรับปรุงฐานข้อมูลที่ใช้ในการวิเคราะห์และติดตามการดำเนินงานแบบบูรณาการในกระบวนการทำงานที่สำคัญ,ปรับปรุงฐานข้อมูลที่ใช้ในการวิเคราะห์และติดตามการดำเนินงานแบบบูรณาการในกระบวนการทำงานที่สำคัญ (ทั้งกิจกรรม),,ม.ค.,8,อยู่ระหว่างดำเนินการ,ปรับปรุงฐานข้อมูลที่ใช — ม.ค. (8%),,-,2026-01-25
P_3.1,3.,3.1,3.1 ปรับปรุงฐานข้อมูลที่ใช้ในการวิเคราะห์และติดตามการดำเนินงานแบบบูรณาการในกระบวนการทำงานที่สำคัญ,ปรับปรุงฐานข้อมูลที่ใช้ในการวิเคราะห์และติดตามการดำเนินงานแบบบูรณาการในกระบวนการทำงานที่สำคัญ (ทั้งกิจกรรม),,ก.พ.,21,อยู่ระหว่างดำเนินการ,ปรับปรุงฐานข้อมูลที่ใช — ก.พ. (21%),,-,2026-02-25
P_3.1,3.,3.1,3.1 ปรับปรุงฐานข้อมูลที่ใช้ในการวิเคราะห์และติดตามการดำเนินงานแบบบูรณาการในกระบวนการทำงานที่สำคัญ,ปรับปรุงฐานข้อมูลที่ใช้ในการวิเคราะห์และติดตามการดำเนินงานแบบบูรณาการในกระบวนการทำงานที่สำคัญ (ทั้งกิจกรรม),,มี.ค.,21,อยู่ระหว่างดำเนินการ,ปรับปรุงฐานข้อมูลที่ใช — มี.ค. (21%),,-,2026-03-25
P_3.1,3.,3.1,3.1 ปรับปรุงฐานข้อมูลที่ใช้ในการวิเคราะห์และติดตามการดำเนินงานแบบบูรณาการในกระบวนการทำงานที่สำคัญ,ปรับปรุงฐานข้อมูลที่ใช้ในการวิเคราะห์และติดตามการดำเนินงานแบบบูรณาการในกระบวนการทำงานที่สำคัญ (ทั้งกิจกรรม),,เม.ย.,30,อยู่ระหว่างดำเนินการ,ปรับปรุงฐานข้อมูลที่ใช — เม.ย. (30%),,-,2026-04-25
P_3.1,3.,3.1,3.1 ปรับปรุงฐานข้อมูลที่ใช้ในการวิเคราะห์และติดตามการดำเนินงานแบบบูรณาการในกระบวนการทำงานที่สำคัญ,ปรับปรุงฐานข้อมูลที่ใช้ในการวิเคราะห์และติดตามการดำเนินงานแบบบูรณาการในกระบวนการทำงานที่สำคัญ (ทั้งกิจกรรม),,พ.ค.,47,อยู่ระหว่างดำเนินการ,ปรับปรุงฐานข้อมูลที่ใช — พ.ค. (47%),,-,2026-05-25
P_3.1,3.,3.1,3.1 ปรับปรุงฐานข้อมูลที่ใช้ในการวิเคราะห์และติดตามการดำเนินงานแบบบูรณาการในกระบวนการทำงานที่สำคัญ,ปรับปรุงฐานข้อมูลที่ใช้ในการวิเคราะห์และติดตามการดำเนินงานแบบบูรณาการในกระบวนการทำงานที่สำคัญ (ทั้งกิจกรรม),,มิ.ย.,55,อยู่ระหว่างดำเนินการ,ปรับปรุงฐานข้อมูลที่ใช — มิ.ย. (55%),,-,2026-06-25
P_3.2,3.,3.2,3.2 ใช้งานระบบ GRC เพื่อสนับสนุนการทำงานให้ลดความซับซ้อน ลดระยะเวลา และมีความถูกต้องแม่นยำ,ใช้งานระบบ GRC เพื่อสนับสนุนการทำงานให้ลดความซับซ้อน ลดระยะเวลา และมีความถูกต้องแม่นยำ (ทั้งกิจกรรม),,ม.ค.,8,อยู่ระหว่างดำเนินการ,ใช้งานระบบ GRC เพื่อสน — ม.ค. (8%),,-,2026-01-25
P_3.2,3.,3.2,3.2 ใช้งานระบบ GRC เพื่อสนับสนุนการทำงานให้ลดความซับซ้อน ลดระยะเวลา และมีความถูกต้องแม่นยำ,ใช้งานระบบ GRC เพื่อสนับสนุนการทำงานให้ลดความซับซ้อน ลดระยะเวลา และมีความถูกต้องแม่นยำ (ทั้งกิจกรรม),,ก.พ.,8,อยู่ระหว่างดำเนินการ,ใช้งานระบบ GRC เพื่อสน — ก.พ. (8%),,-,2026-02-25
P_3.2,3.,3.2,3.2 ใช้งานระบบ GRC เพื่อสนับสนุนการทำงานให้ลดความซับซ้อน ลดระยะเวลา และมีความถูกต้องแม่นยำ,ใช้งานระบบ GRC เพื่อสนับสนุนการทำงานให้ลดความซับซ้อน ลดระยะเวลา และมีความถูกต้องแม่นยำ (ทั้งกิจกรรม),,มี.ค.,30,อยู่ระหว่างดำเนินการ,ใช้งานระบบ GRC เพื่อสน — มี.ค. (30%),,-,2026-03-25
P_3.2,3.,3.2,3.2 ใช้งานระบบ GRC เพื่อสนับสนุนการทำงานให้ลดความซับซ้อน ลดระยะเวลา และมีความถูกต้องแม่นยำ,ใช้งานระบบ GRC เพื่อสนับสนุนการทำงานให้ลดความซับซ้อน ลดระยะเวลา และมีความถูกต้องแม่นยำ (ทั้งกิจกรรม),,เม.ย.,33,อยู่ระหว่างดำเนินการ,ใช้งานระบบ GRC เพื่อสน — เม.ย. (33%),,-,2026-04-25
P_3.2,3.,3.2,3.2 ใช้งานระบบ GRC เพื่อสนับสนุนการทำงานให้ลดความซับซ้อน ลดระยะเวลา และมีความถูกต้องแม่นยำ,ใช้งานระบบ GRC เพื่อสนับสนุนการทำงานให้ลดความซับซ้อน ลดระยะเวลา และมีความถูกต้องแม่นยำ (ทั้งกิจกรรม),,พ.ค.,47,อยู่ระหว่างดำเนินการ,ใช้งานระบบ GRC เพื่อสน — พ.ค. (47%),,-,2026-05-25
P_3.2,3.,3.2,3.2 ใช้งานระบบ GRC เพื่อสนับสนุนการทำงานให้ลดความซับซ้อน ลดระยะเวลา และมีความถูกต้องแม่นยำ,ใช้งานระบบ GRC เพื่อสนับสนุนการทำงานให้ลดความซับซ้อน ลดระยะเวลา และมีความถูกต้องแม่นยำ (ทั้งกิจกรรม),,มิ.ย.,55,อยู่ระหว่างดำเนินการ,ใช้งานระบบ GRC เพื่อสน — มิ.ย. (55%),,-,2026-06-25
P_3.3,3.,3.3,3.3 ทบทวนการทำ Value Creation และ Value Enhancement ที่เชื่อมโยงกับกระบวนการกำหนดตำแหน่งเชิงยุทธศาสตร์ วัตถุประสงค์เชิงยุทธศาสตร์ แผนยุทธศาสตร์องค์กร และแผนแม่บทอื่นๆ ที่เกี่ยวข้องอย่างต่อเนื่อง,ทบทวนการทำ Value Creation และ Value Enhancement ที่เชื่อมโยงกับกระบวนการกำหนดตำแหน่งเชิงยุทธศาสตร์ วัตถุประสงค์เชิงยุทธศาสตร์ แผนยุทธศาสตร์องค์กร และแผนแม่บทอื่นๆ ที่เกี่ยวข้องอย่างต่อเนื่อง (ทั้งกิจกรรม),,ม.ค.,13,อยู่ระหว่างดำเนินการ,ทบทวนการทำ Value Creat — ม.ค. (13%),,-,2026-01-25
P_3.3,3.,3.3,3.3 ทบทวนการทำ Value Creation และ Value Enhancement ที่เชื่อมโยงกับกระบวนการกำหนดตำแหน่งเชิงยุทธศาสตร์ วัตถุประสงค์เชิงยุทธศาสตร์ แผนยุทธศาสตร์องค์กร และแผนแม่บทอื่นๆ ที่เกี่ยวข้องอย่างต่อเนื่อง,ทบทวนการทำ Value Creation และ Value Enhancement ที่เชื่อมโยงกับกระบวนการกำหนดตำแหน่งเชิงยุทธศาสตร์ วัตถุประสงค์เชิงยุทธศาสตร์ แผนยุทธศาสตร์องค์กร และแผนแม่บทอื่นๆ ที่เกี่ยวข้องอย่างต่อเนื่อง (ทั้งกิจกรรม),,ก.พ.,13,อยู่ระหว่างดำเนินการ,ทบทวนการทำ Value Creat — ก.พ. (13%),,-,2026-02-25
P_3.3,3.,3.3,3.3 ทบทวนการทำ Value Creation และ Value Enhancement ที่เชื่อมโยงกับกระบวนการกำหนดตำแหน่งเชิงยุทธศาสตร์ วัตถุประสงค์เชิงยุทธศาสตร์ แผนยุทธศาสตร์องค์กร และแผนแม่บทอื่นๆ ที่เกี่ยวข้องอย่างต่อเนื่อง,ทบทวนการทำ Value Creation และ Value Enhancement ที่เชื่อมโยงกับกระบวนการกำหนดตำแหน่งเชิงยุทธศาสตร์ วัตถุประสงค์เชิงยุทธศาสตร์ แผนยุทธศาสตร์องค์กร และแผนแม่บทอื่นๆ ที่เกี่ยวข้องอย่างต่อเนื่อง (ทั้งกิจกรรม),,มี.ค.,25,อยู่ระหว่างดำเนินการ,ทบทวนการทำ Value Creat — มี.ค. (25%),,-,2026-03-25
P_3.3,3.,3.3,3.3 ทบทวนการทำ Value Creation และ Value Enhancement ที่เชื่อมโยงกับกระบวนการกำหนดตำแหน่งเชิงยุทธศาสตร์ วัตถุประสงค์เชิงยุทธศาสตร์ แผนยุทธศาสตร์องค์กร และแผนแม่บทอื่นๆ ที่เกี่ยวข้องอย่างต่อเนื่อง,ทบทวนการทำ Value Creation และ Value Enhancement ที่เชื่อมโยงกับกระบวนการกำหนดตำแหน่งเชิงยุทธศาสตร์ วัตถุประสงค์เชิงยุทธศาสตร์ แผนยุทธศาสตร์องค์กร และแผนแม่บทอื่นๆ ที่เกี่ยวข้องอย่างต่อเนื่อง (ทั้งกิจกรรม),,เม.ย.,33,อยู่ระหว่างดำเนินการ,ทบทวนการทำ Value Creat — เม.ย. (33%),,-,2026-04-25
P_3.3,3.,3.3,3.3 ทบทวนการทำ Value Creation และ Value Enhancement ที่เชื่อมโยงกับกระบวนการกำหนดตำแหน่งเชิงยุทธศาสตร์ วัตถุประสงค์เชิงยุทธศาสตร์ แผนยุทธศาสตร์องค์กร และแผนแม่บทอื่นๆ ที่เกี่ยวข้องอย่างต่อเนื่อง,ทบทวนการทำ Value Creation และ Value Enhancement ที่เชื่อมโยงกับกระบวนการกำหนดตำแหน่งเชิงยุทธศาสตร์ วัตถุประสงค์เชิงยุทธศาสตร์ แผนยุทธศาสตร์องค์กร และแผนแม่บทอื่นๆ ที่เกี่ยวข้องอย่างต่อเนื่อง (ทั้งกิจกรรม),,พ.ค.,46,อยู่ระหว่างดำเนินการ,ทบทวนการทำ Value Creat — พ.ค. (46%),,-,2026-05-25
P_3.3,3.,3.3,3.3 ทบทวนการทำ Value Creation และ Value Enhancement ที่เชื่อมโยงกับกระบวนการกำหนดตำแหน่งเชิงยุทธศาสตร์ วัตถุประสงค์เชิงยุทธศาสตร์ แผนยุทธศาสตร์องค์กร และแผนแม่บทอื่นๆ ที่เกี่ยวข้องอย่างต่อเนื่อง,ทบทวนการทำ Value Creation และ Value Enhancement ที่เชื่อมโยงกับกระบวนการกำหนดตำแหน่งเชิงยุทธศาสตร์ วัตถุประสงค์เชิงยุทธศาสตร์ แผนยุทธศาสตร์องค์กร และแผนแม่บทอื่นๆ ที่เกี่ยวข้องอย่างต่อเนื่อง (ทั้งกิจกรรม),,มิ.ย.,46,อยู่ระหว่างดำเนินการ,ทบทวนการทำ Value Creat — มิ.ย. (46%),,-,2026-06-25
P_3.4,3.,3.4,3.4 กำหนดกระบวนการในการวิเคราะห์ถึงภาพรวมของความเสี่ยง (Portfolio View of Risk),กำหนดกระบวนการในการวิเคราะห์ถึงภาพรวมของความเสี่ยง (Portfolio View of Risk) (ทั้งกิจกรรม),,ม.ค.,8,อยู่ระหว่างดำเนินการ,กำหนดกระบวนการในการวิเ — ม.ค. (8%),,-,2026-01-25
P_3.4,3.,3.4,3.4 กำหนดกระบวนการในการวิเคราะห์ถึงภาพรวมของความเสี่ยง (Portfolio View of Risk),กำหนดกระบวนการในการวิเคราะห์ถึงภาพรวมของความเสี่ยง (Portfolio View of Risk) (ทั้งกิจกรรม),,ก.พ.,17,อยู่ระหว่างดำเนินการ,กำหนดกระบวนการในการวิเ — ก.พ. (17%),,-,2026-02-25
P_3.4,3.,3.4,3.4 กำหนดกระบวนการในการวิเคราะห์ถึงภาพรวมของความเสี่ยง (Portfolio View of Risk),กำหนดกระบวนการในการวิเคราะห์ถึงภาพรวมของความเสี่ยง (Portfolio View of Risk) (ทั้งกิจกรรม),,มี.ค.,19,อยู่ระหว่างดำเนินการ,กำหนดกระบวนการในการวิเ — มี.ค. (19%),,-,2026-03-25
P_3.4,3.,3.4,3.4 กำหนดกระบวนการในการวิเคราะห์ถึงภาพรวมของความเสี่ยง (Portfolio View of Risk),กำหนดกระบวนการในการวิเคราะห์ถึงภาพรวมของความเสี่ยง (Portfolio View of Risk) (ทั้งกิจกรรม),,เม.ย.,27,อยู่ระหว่างดำเนินการ,กำหนดกระบวนการในการวิเ — เม.ย. (27%),,-,2026-04-25
P_3.4,3.,3.4,3.4 กำหนดกระบวนการในการวิเคราะห์ถึงภาพรวมของความเสี่ยง (Portfolio View of Risk),กำหนดกระบวนการในการวิเคราะห์ถึงภาพรวมของความเสี่ยง (Portfolio View of Risk) (ทั้งกิจกรรม),,พ.ค.,27,อยู่ระหว่างดำเนินการ,กำหนดกระบวนการในการวิเ — พ.ค. (27%),,-,2026-05-25
P_3.4,3.,3.4,3.4 กำหนดกระบวนการในการวิเคราะห์ถึงภาพรวมของความเสี่ยง (Portfolio View of Risk),กำหนดกระบวนการในการวิเคราะห์ถึงภาพรวมของความเสี่ยง (Portfolio View of Risk) (ทั้งกิจกรรม),,มิ.ย.,50,อยู่ระหว่างดำเนินการ,กำหนดกระบวนการในการวิเ — มิ.ย. (50%),,-,2026-06-25
P_3.5,3.,3.5,3.5 พัฒนา Portfolio View of Risk แสดงการจัดทำแบบจำลองที่เหมาะสม/นำแบบจำลองดังกล่าวไปใช้ในการบริหารความเสี่ยงในภาพรวม,พัฒนา Portfolio View of Risk แสดงการจัดทำแบบจำลองที่เหมาะสม/นำแบบจำลองดังกล่าวไปใช้ในการบริหารความเสี่ยงในภาพรวม (ทั้งกิจกรรม),,ม.ค.,8,อยู่ระหว่างดำเนินการ,พัฒนา Portfolio View o — ม.ค. (8%),,-,2026-01-25
P_3.5,3.,3.5,3.5 พัฒนา Portfolio View of Risk แสดงการจัดทำแบบจำลองที่เหมาะสม/นำแบบจำลองดังกล่าวไปใช้ในการบริหารความเสี่ยงในภาพรวม,พัฒนา Portfolio View of Risk แสดงการจัดทำแบบจำลองที่เหมาะสม/นำแบบจำลองดังกล่าวไปใช้ในการบริหารความเสี่ยงในภาพรวม (ทั้งกิจกรรม),,ก.พ.,8,อยู่ระหว่างดำเนินการ,พัฒนา Portfolio View o — ก.พ. (8%),,-,2026-02-25
P_3.5,3.,3.5,3.5 พัฒนา Portfolio View of Risk แสดงการจัดทำแบบจำลองที่เหมาะสม/นำแบบจำลองดังกล่าวไปใช้ในการบริหารความเสี่ยงในภาพรวม,พัฒนา Portfolio View of Risk แสดงการจัดทำแบบจำลองที่เหมาะสม/นำแบบจำลองดังกล่าวไปใช้ในการบริหารความเสี่ยงในภาพรวม (ทั้งกิจกรรม),,มี.ค.,25,อยู่ระหว่างดำเนินการ,พัฒนา Portfolio View o — มี.ค. (25%),,-,2026-03-25
P_3.5,3.,3.5,3.5 พัฒนา Portfolio View of Risk แสดงการจัดทำแบบจำลองที่เหมาะสม/นำแบบจำลองดังกล่าวไปใช้ในการบริหารความเสี่ยงในภาพรวม,พัฒนา Portfolio View of Risk แสดงการจัดทำแบบจำลองที่เหมาะสม/นำแบบจำลองดังกล่าวไปใช้ในการบริหารความเสี่ยงในภาพรวม (ทั้งกิจกรรม),,เม.ย.,33,อยู่ระหว่างดำเนินการ,พัฒนา Portfolio View o — เม.ย. (33%),,-,2026-04-25
P_3.5,3.,3.5,3.5 พัฒนา Portfolio View of Risk แสดงการจัดทำแบบจำลองที่เหมาะสม/นำแบบจำลองดังกล่าวไปใช้ในการบริหารความเสี่ยงในภาพรวม,พัฒนา Portfolio View of Risk แสดงการจัดทำแบบจำลองที่เหมาะสม/นำแบบจำลองดังกล่าวไปใช้ในการบริหารความเสี่ยงในภาพรวม (ทั้งกิจกรรม),,พ.ค.,33,อยู่ระหว่างดำเนินการ,พัฒนา Portfolio View o — พ.ค. (33%),,-,2026-05-25
P_3.5,3.,3.5,3.5 พัฒนา Portfolio View of Risk แสดงการจัดทำแบบจำลองที่เหมาะสม/นำแบบจำลองดังกล่าวไปใช้ในการบริหารความเสี่ยงในภาพรวม,พัฒนา Portfolio View of Risk แสดงการจัดทำแบบจำลองที่เหมาะสม/นำแบบจำลองดังกล่าวไปใช้ในการบริหารความเสี่ยงในภาพรวม (ทั้งกิจกรรม),,มิ.ย.,54,อยู่ระหว่างดำเนินการ,พัฒนา Portfolio View o — มิ.ย. (54%),,-,2026-06-25
